,time,Viscosity,Viscosity_mark,Temperature,Temperature_mark
0,0.0,345.4,1,13.8,0
1,1.0,344.9,0,13.8,0
2,2.0,344.9,0,13.8,0
3,3.0,344.9,0,13.8,0
4,4.0,345.4,1,13.8,0
5,5.0,345.4,1,13.8,0
6,6.0,345.4,1,13.8,0
7,7.0,345.4,1,13.8,0
8,8.0,345.9,1,13.8,0
9,9.0,345.9,1,13.8,0
10,10.0,345.4,1,13.8,0
11,11.0,340.9,1,13.8,0
12,12.0,344.9,0,13.8,0
13,13.0,344.4,0,13.8,0
14,14.0,344.9,0,13.8,0
15,15.0,346.4,1,13.8,0
16,16.0,345.4,1,13.8,0
17,17.0,345.4,1,13.8,0
18,18.0,345.4,1,13.8,0
19,19.0,345.4,1,13.8,0
20,20.0,345.4,1,13.8,0
21,21.0,344.9,0,13.8,0
22,22.0,344.9,0,13.8,0
23,23.0,344.9,0,13.8,0
24,24.0,344.9,0,13.8,0
25,25.0,344.9,0,13.8,0
26,26.0,344.9,0,13.8,0
27,27.0,345.4,1,13.8,0
28,28.0,345.4,1,13.8,0
29,29.0,845.4,1,13.8,0
30,30.0,540.9,1,13.8,0
31,31.0,344.9,0,13.8,0
32,32.0,344.9,0,13.8,0
33,33.0,344.4,0,13.8,0
34,34.0,344.4,0,13.8,0
35,35.0,344.9,0,13.8,0
36,36.0,344.9,0,13.8,0
37,37.0,344.9,0,13.8,0
38,38.0,345.4,1,18.9,1
39,39.0,845.4,1,13.8,0
40,40.0,344.9,0,13.8,0
41,41.0,344.9,0,13.8,0
42,42.0,344.9,0,13.8,0
43,43.0,344.4,0,13.8,0
44,44.0,344.4,0,13.8,0
45,45.0,344.9,0,13.8,0
46,46.0,344.9,0,13.8,0
47,47.0,344.9,0,13.8,0
48,48.0,345.4,1,13.8,0
49,49.0,345.4,1,13.8,0
50,50.0,344.9,0,13.8,0
51,51.0,344.9,0,13.8,0
52,52.0,344.4,0,13.8,0
53,53.0,344.4,0,13.8,0
54,54.0,343.9,1,13.8,0
55,55.0,344.4,0,13.8,0
56,56.0,344.4,0,13.8,0
57,57.0,344.9,0,13.8,0
58,58.0,344.9,0,13.8,0
59,59.0,344.9,1,13.8,0
60,60.0,344.9,0,13.8,0
61,61.0,344.4,0,13.8,0
62,62.0,344.4,0,13.8,0
63,63.0,343.9,1,13.8,0
64,64.0,343.9,1,13.8,0
65,65.0,344.4,0,13.8,0
66,66.0,344.4,0,13.8,0
67,67.0,344.4,0,13.8,0
68,68.0,344.9,0,13.8,0
69,69.0,344.9,0,13.9,1
70,70.0,344.9,0,13.9,1
71,71.0,344.4,0,13.8,0
72,72.0,344.4,0,13.8,0
73,73.0,343.9,1,13.8,0
74,74.0,343.9,1,13.8,0
75,75.0,344.4,0,13.8,0
76,76.0,344.4,0,13.8,0
77,77.0,344.4,0,13.8,0
78,78.0,344.9,0,13.9,1
79,79.0,344.9,0,13.9,1
80,80.0,344.4,0,13.8,0
81,81.0,344.4,0,13.8,0
82,82.0,343.9,1,13.8,0
83,83.0,343.4,1,13.9,1
84,84.0,343.4,1,13.9,1
85,85.0,343.9,1,13.9,1
86,86.0,344.4,0,13.9,1
87,87.0,344.4,0,13.9,1
88,88.0,344.4,0,13.9,1
89,89.0,344.9,0,13.8,0
90,90.0,344.4,0,13.8,0
91,91.0,343.9,1,13.9,1
92,92.0,343.9,1,13.9,1
93,93.0,343.4,1,13.9,1
94,94.0,343.4,1,13.9,1
95,95.0,343.9,1,13.9,1
96,96.0,343.9,1,13.9,1
97,97.0,343.9,1,13.9,1
98,98.0,344.4,0,13.9,1
99,99.0,344.4,0,13.9,1
100,100.0,343.9,1,13.9,1
101,101.0,343.9,1,13.9,1
102,102.0,343.9,1,13.9,1
103,103.0,342.9,1,13.9,1
104,104.0,343.4,1,13.9,1
105,105.0,343.9,1,13.9,1
106,106.0,343.9,1,13.9,1
107,107.0,343.9,1,13.9,1
108,108.0,344.4,0,13.9,1
109,109.0,344.4,0,13.9,1
110,110.0,343.9,1,13.9,1
111,111.0,343.9,1,13.9,1
112,112.0,343.4,1,13.9,1
113,113.0,342.9,0,13.9,1
114,114.0,342.9,1,13.9,1
115,115.0,343.4,1,13.9,1
116,116.0,343.4,1,13.9,1
117,117.0,343.4,1,13.9,1
118,118.0,343.9,1,13.9,1
119,119.0,343.9,1,13.9,1
120,120.0,343.4,1,13.9,1
121,121.0,343.4,1,13.9,1
122,122.0,343.4,1,13.9,1
123,123.0,342.9,1,13.9,1
124,124.0,342.9,1,13.9,1
125,125.0,343.4,1,13.9,1
126,126.0,343.4,1,13.9,1
127,127.0,343.4,1,13.9,1
128,128.0,343.9,1,13.9,1
129,129.0,343.9,1,13.9,1
130,130.0,343.4,1,13.9,1
131,131.0,343.4,1,13.9,1
132,132.0,343.4,1,13.9,1
133,133.0,342.9,1,13.9,1
134,134.0,342.9,1,13.9,1
135,135.0,342.9,1,13.9,1
136,136.0,343.4,1,13.9,1
137,137.0,343.4,1,13.9,1
138,138.0,343.4,1,13.9,1
139,139.0,343.4,1,13.9,1
140,140.0,343.4,1,13.9,1
141,141.0,342.9,1,13.9,1
142,142.0,342.9,1,13.9,1
143,143.0,342.4,0,13.9,1
144,144.0,342.4,0,13.9,1
145,145.0,342.9,0,13.9,1
146,146.0,342.9,1,13.9,1
147,147.0,342.9,1,13.9,1
148,148.0,343.4,1,13.9,1
149,149.0,343.4,1,13.9,1
150,150.0,342.9,1,13.9,1
151,151.0,342.9,1,13.9,1
152,152.0,342.9,1,13.9,1
153,153.0,342.4,0,13.9,1
154,154.0,342.4,0,13.9,1
155,155.0,342.4,1,13.9,1
156,156.0,342.9,1,13.9,1
157,157.0,342.9,1,13.9,1
158,158.0,343.4,0,13.9,1
159,159.0,343.4,1,13.9,1
160,160.0,342.9,1,13.9,1
161,161.0,342.9,1,13.9,1
162,162.0,342.4,1,13.9,1
163,163.0,341.9,0,13.9,1
164,164.0,341.9,1,13.9,1
165,165.0,342.4,1,3.9,1
166,166.0,342.4,0,13.9,1
167,167.0,342.9,1,13.9,1
168,168.0,342.9,1,13.9,1
169,169.0,342.9,1,13.9,1
170,170.0,342.4,0,13.9,1
171,171.0,342.4,0,13.9,1
172,172.0,342.4,0,13.9,1
173,173.0,341.9,1,13.9,1
174,174.0,341.4,0,3.9,1
175,175.0,341.9,0,3.9,1
176,176.0,342.4,0,13.9,1
177,177.0,342.4,0,3.9,1
178,178.0,342.9,1,13.9,1
179,179.0,342.9,1,13.9,1
180,180.0,342.4,1,13.9,1
181,181.0,342.4,0,13.9,1
182,182.0,,3,,3
183,183.0,339.9,1,,3
184,184.0,339.9,1,14.0,1
185,185.0,,3,,3
186,186.0,,3,14.0,1
187,187.0,,3,14.0,1
188,188.0,378.9,1,,3
189,189.0,,3,14.0,1
190,190.0,378.0,1,,3
191,191.0,,3,,3
192,192.0,,3,,3
193,193.0,,3,,3
194,194.0,,3,,3
195,195.0,,3,,3
196,196.0,378.0,1,14.0,1
197,197.0,378.9,1,14.0,1
198,198.0,338.4,1,14.0,1
199,199.0,,3,,3
200,200.0,378.0,1,14.0,1
201,201.0,378.9,1,,3
202,202.0,378.9,1,,3
203,203.0,,3,14.0,1
204,204.0,,3,,3
205,205.0,,3,,3
206,206.0,378.0,1,,3
207,207.0,378.0,1,,3
208,208.0,,3,14.0,1
209,209.0,,3,14.0,1
210,210.0,378.9,1,14.0,1
211,211.0,378.0,1,14.0,1
212,212.0,378.0,1,14.0,1
213,213.0,,3,14.0,1
214,214.0,,3,14.0,1
215,215.0,,3,14.0,1
216,216.0,378.9,1,,3
217,217.0,,3,14.0,1
218,218.0,,3,14.0,1
219,219.0,337.9,0,,3
220,220.0,,3,14.0,1
221,221.0,,3,14.0,1
222,222.0,,3,14.0,1
223,223.0,378.0,1,14.0,1
224,224.0,378.9,1,,3
225,225.0,378.0,1,14.0,1
226,226.0,,3,14.0,1
227,227.0,,3,14.0,1
228,228.0,337.9,0,14.0,1
229,229.0,337.9,0,14.0,1
230,230.0,,3,14.0,1
231,231.0,,3,14.0,1
232,232.0,,3,14.0,1
233,233.0,378.0,1,14.0,1
234,234.0,378.9,1,14.0,1
235,235.0,,3,14.0,1
236,236.0,,3,14.0,1
237,237.0,337.9,0,14.0,1
238,238.0,337.9,0,14.0,1
239,239.0,337.4,0,14.0,1
240,240.0,337.9,0,14.0,1
241,241.0,337.9,0,14.0,1
242,242.0,337.9,0,14.0,1
243,243.0,,3,14.0,1
244,244.0,,3,14.0,1
245,245.0,337.9,0,,3
246,246.0,337.9,0,14.0,1
247,247.0,337.9,0,14.0,1
248,248.0,337.4,0,14.0,1
249,249.0,337.4,0,14.0,1
250,250.0,337.4,0,14.0,1
251,251.0,337.9,0,14.0,1
252,252.0,337.9,0,,3
253,253.0,,3,14.0,1
254,254.0,,3,14.0,1
255,255.0,337.9,0,14.0,1
256,256.0,337.9,0,14.0,1
257,257.0,337.9,0,14.0,1
258,258.0,337.4,0,14.0,1
259,259.0,376.9,1,14.0,1
260,260.0,337.4,0,14.0,1
261,261.0,337.9,0,,3
262,262.0,337.9,0,14.0,1
263,263.0,337.9,0,14.0,1
264,264.0,,3,,3
265,265.0,337.9,0,14.0,1
266,266.0,337.4,0,14.1,1
267,267.0,337.4,0,14.16,0
268,268.0,376.9,1,14.0,1
269,269.0,376.0,1,14.0,1
270,270.0,337.4,0,14.0,1
271,271.0,337.4,0,14.1,1
272,272.0,337.4,0,14.1,1
273,273.0,337.9,0,14.1,0
274,274.0,337.9,0,14.1,0
275,275.0,337.9,0,14.0,1
276,276.0,337.4,0,14.0,1
277,277.0,337.4,0,14.0,1
278,278.0,370.9,1,14.1,0
279,279.0,336.4,1,14.16,0
280,280.0,376.0,1,14.1,0
281,281.0,376.0,1,14.1,0
282,282.0,337.4,0,14.1,0
283,283.0,337.4,0,14.1,0
284,284.0,337.9,0,14.1,0
285,285.0,337.4,0,14.1,0
286,286.0,370.9,1,14.1,0
287,287.0,370.0,1,14.1,0
288,288.0,336.4,1,14.1,0
289,289.0,336.4,1,14.1,1
290,290.0,370.9,1,14.1,0
291,291.0,376.0,1,14.1,0
292,292.0,370.9,1,14.0,1
293,293.0,337.4,0,14.0,1
294,294.0,337.4,0,14.1,0
295,295.0,337.4,0,14.1,0
296,296.0,376.0,1,14.0,1
297,297.0,370.0,1,14.0,1
298,298.0,336.4,1,14.0,1
299,299.0,,3,14.0,1
300,300.0,336.4,1,14.1,1
301,301.0,370.9,1,14.1,0
302,302.0,370.9,1,14.1,0
303,303.0,370.9,1,14.1,0
304,304.0,337.4,0,14.16,0
305,305.0,376.9,1,14.1,0
306,306.0,336.4,1,14.1,0
307,307.0,336.4,1,14.1,1
308,308.0,,3,14.1,0
309,309.0,,3,14.1,0
310,310.0,355.0,1,14.1,0
311,311.0,336.4,1,14.16,0
312,312.0,336.4,1,14.1,1
313,313.0,37.9,1,14.1,0
314,314.0,370.0,1,14.1,0
315,315.0,370.9,1,14.1,0
316,316.0,336.4,1,14.1,0
317,317.0,336.4,1,14.1,0
318,318.0,355.0,1,14.1,0
319,319.0,335.4,1,14.1,0
320,320.0,355.0,1,14.1,0
321,321.0,336.4,1,14.16,0
322,322.0,336.4,1,14.1,0
323,323.0,336.4,1,14.1,1
324,324.0,370.0,1,14.1,0
325,325.0,336.4,1,14.16,0
326,326.0,336.4,1,14.1,0
327,327.0,355.0,1,14.1,0
328,328.0,,3,14.1,0
329,329.0,335.4,1,14.1,0
330,330.0,,3,14.1,0
331,331.0,,3,14.1,0
332,332.0,355.0,1,14.1,0
333,333.0,336.4,1,14.1,1
334,334.0,336.4,1,14.1,1
335,335.0,336.4,1,14.1,0
336,336.0,355.0,1,14.1,0
337,337.0,335.9,1,14.1,0
338,338.0,,3,14.1,0
339,339.0,334.9,0,14.1,0
340,340.0,335.4,1,14.1,0
341,341.0,355.0,1,14.1,0
342,342.0,,3,14.1,0
343,343.0,336.4,1,14.16,0
344,344.0,336.4,1,14.16,0
345,345.0,355.0,1,14.1,0
346,346.0,355.0,1,14.1,0
347,347.0,335.4,1,14.1,0
348,348.0,334.9,1,14.1,0
349,349.0,334.9,1,14.1,0
350,350.0,334.9,1,14.1,0
351,351.0,335.4,1,14.1,0
352,352.0,,3,14.1,0
353,353.0,355.0,1,14.1,0
354,354.0,355.0,1,14.1,0
355,355.0,355.0,1,14.1,0
356,356.0,,3,14.1,0
357,357.0,335.4,1,14.1,0
358,358.0,334.9,1,14.1,0
359,359.0,334.4,1,14.1,0
360,360.0,334.9,1,14.1,0
361,361.0,335.4,1,14.1,0
362,362.0,,3,14.1,0
363,363.0,335.4,1,14.1,0
364,364.0,,3,14.1,0
365,365.0,,3,14.1,0
366,366.0,,3,14.1,0
367,367.0,334.9,1,14.1,0
368,368.0,334.4,1,14.1,0
369,369.0,334.4,1,14.1,0
370,370.0,334.4,1,14.1,0
371,371.0,334.9,1,14.1,0
372,372.0,334.9,1,14.1,0
373,373.0,335.4,1,14.1,0
374,374.0,335.4,1,14.1,0
375,375.0,335.4,1,14.1,0
376,376.0,334.9,1,14.1,0
377,377.0,334.9,1,14.1,0
378,378.0,333.9,1,14.1,0
379,379.0,,3,14.1,0
380,380.0,334.4,1,14.1,0
381,381.0,334.4,1,14.1,0
382,382.0,334.9,1,14.1,0
383,383.0,334.9,0,14.1,0
384,384.0,335.4,1,14.1,0
385,385.0,334.9,1,14.1,0
386,386.0,334.9,1,14.1,0
387,387.0,334.4,1,14.1,0
388,388.0,37.0,1,14.1,0
389,389.0,333.9,1,14.1,0
390,390.0,333.9,1,14.1,0
391,391.0,734.4,0,14.1,0
392,392.0,334.4,1,14.1,0
393,393.0,334.9,1,14.1,0
394,394.0,334.9,1,14.1,0
395,395.0,334.9,1,14.1,0
396,396.0,334.4,1,14.1,0
397,397.0,33.9,1,14.1,0
398,398.0,303.9,1,14.1,0
399,399.0,333.4,1,14.1,0
400,400.0,333.9,1,14.1,0
401,401.0,334.4,1,14.1,0
402,402.0,334.4,1,14.1,0
403,403.0,334.9,1,14.1,0
404,404.0,334.9,1,14.2,0
405,405.0,334.4,1,14.2,0
406,406.0,334.4,1,14.2,0
407,407.0,333.9,1,14.2,0
408,408.0,333.4,1,14.2,0
409,409.0,333.4,1,14.2,0
410,410.0,,3,14.1,0
411,411.0,333.9,1,14.1,0
412,412.0,334.4,1,14.1,0
413,413.0,334.4,1,14.16,1
414,414.0,334.4,1,14.1,0
415,415.0,334.4,1,14.1,0
416,416.0,,3,14.2,0
417,417.0,333.9,1,14.2,0
418,418.0,333.4,1,14.2,0
419,419.0,333.4,1,14.2,0
420,420.0,333.9,1,14.2,0
421,421.0,333.9,1,14.2,0
422,422.0,333.9,1,14.2,0
423,423.0,334.4,1,14.2,0
424,424.0,334.4,1,14.2,0
425,425.0,333.9,1,14.2,0
426,426.0,333.9,1,14.2,0
427,427.0,333.9,1,14.2,0
428,428.0,,3,14.2,0
429,429.0,332.9,1,14.2,0
430,430.0,333.4,1,14.2,0
431,431.0,333.9,1,14.2,0
432,432.0,333.9,1,14.2,0
433,433.0,334.4,0,14.2,0
434,434.0,334.4,1,14.2,0
435,435.0,333.9,1,14.2,0
436,436.0,,3,14.2,0
437,437.0,333.4,1,14.2,0
438,438.0,333.4,1,14.2,0
439,439.0,332.9,1,14.2,0
440,440.0,333.4,1,14.2,0
441,441.0,333.4,1,14.2,0
442,442.0,333.4,1,14.2,0
443,443.0,333.9,1,14.2,0
444,444.0,,3,14.2,0
445,445.0,,3,14.2,0
446,446.0,333.4,1,14.2,0
447,447.0,373.4,0,14.2,0
448,448.0,332.9,1,14.2,0
449,449.0,332.9,1,14.2,0
450,450.0,332.9,1,14.2,0
451,451.0,333.4,1,14.2,0
452,452.0,333.4,1,14.2,0
453,453.0,333.9,1,14.2,0
454,454.0,333.9,1,14.2,0
455,455.0,333.4,1,14.2,0
456,456.0,333.4,1,14.2,0
457,457.0,332.9,1,14.2,0
458,458.0,332.4,0,14.2,0
459,459.0,332.4,0,14.2,0
460,460.0,332.9,1,14.2,0
461,461.0,332.9,1,14.2,0
462,462.0,332.9,1,14.2,0
463,463.0,,3,14.2,0
464,464.0,333.4,1,14.2,0
465,465.0,333.4,1,14.2,0
466,466.0,332.9,1,14.2,0
467,467.0,332.9,1,14.2,0
468,468.0,332.4,0,14.2,0
469,469.0,331.9,0,14.2,0
470,470.0,332.4,0,14.2,0
471,471.0,332.9,1,14.2,0
472,472.0,332.9,1,14.2,0
473,473.0,333.4,1,14.2,0
474,474.0,333.4,1,14.2,0
475,475.0,332.9,1,14.2,0
476,476.0,332.9,1,14.2,0
477,477.0,332.4,0,14.2,0
478,478.0,332.9,1,14.2,0
479,479.0,331.9,0,14.2,0
480,480.0,332.4,0,14.2,0
481,481.0,332.4,0,14.2,0
482,482.0,332.9,1,14.2,0
483,483.0,333.4,1,14.2,0
484,484.0,333.4,1,14.2,0
485,485.0,332.9,1,14.2,0
486,486.0,332.4,0,14.2,0
487,487.0,332.9,1,14.2,0
488,488.0,331.9,0,14.2,0
489,489.0,331.9,0,14.2,0
490,490.0,331.9,1,14.2,0
491,491.0,332.4,0,14.2,0
492,492.0,332.4,0,14.2,0
493,493.0,332.9,1,14.2,0
494,494.0,332.9,1,14.2,0
495,495.0,332.4,0,14.2,0
496,496.0,332.4,0,14.2,0
497,497.0,331.9,0,14.2,0
498,498.0,331.9,0,14.2,0
499,499.0,331.4,0,14.2,0
500,500.0,331.9,0,14.2,0
501,501.0,331.9,0,14.2,0
502,502.0,332.9,1,14.2,0
503,503.0,332.9,1,14.2,0
504,504.0,332.4,0,14.2,0
505,505.0,332.4,0,14.2,0
506,506.0,331.9,0,14.2,0
507,507.0,331.9,0,14.2,0
508,508.0,331.4,0,14.2,0
509,509.0,,3,14.2,0
510,510.0,331.4,0,14.2,0
511,511.0,331.9,0,14.2,0
512,512.0,331.9,0,14.2,0
513,513.0,332.4,0,14.2,0
514,514.0,332.4,0,14.2,0
515,515.0,331.9,0,14.2,0
516,516.0,331.9,0,14.2,0
517,517.0,331.4,0,14.2,0
518,518.0,331.4,0,14.2,0
519,519.0,,3,14.2,0
520,520.0,331.4,0,14.2,0
521,521.0,331.4,0,14.2,0
522,522.0,331.9,0,14.2,0
523,523.0,332.9,1,14.2,0
524,524.0,332.9,1,14.2,0
525,525.0,331.9,0,14.2,0
526,526.0,331.4,0,14.2,0
527,527.0,331.4,0,14.2,0
528,528.0,,3,14.2,0
529,529.0,330.9,1,14.2,0
530,530.0,330.4,0,14.2,0
531,531.0,331.4,0,14.2,0
532,532.0,331.4,0,14.2,0
533,533.0,331.9,0,14.2,0
534,534.0,331.9,0,14.2,0
535,535.0,331.4,0,14.2,0
536,536.0,331.4,0,14.2,0
537,537.0,330.9,1,14.2,0
538,538.0,,3,14.2,0
539,539.0,,3,14.2,0
540,540.0,,3,14.2,0
541,541.0,330.9,1,14.2,0
542,542.0,331.4,0,14.2,0
543,543.0,331.9,0,14.2,0
544,544.0,331.9,0,14.2,0
545,545.0,331.4,0,14.2,0
546,546.0,330.9,1,14.2,0
547,547.0,,3,14.2,0
548,548.0,330.4,1,14.2,0
549,549.0,,3,14.2,0
550,550.0,,3,14.2,0
551,551.0,,3,14.2,0
552,552.0,,3,14.2,0
553,553.0,331.4,0,14.2,0
554,554.0,331.4,0,14.2,0
555,555.0,330.9,1,14.2,0
556,556.0,,3,14.2,0
557,557.0,330.9,1,14.2,0
558,558.0,,3,14.2,0
559,559.0,,3,14.2,0
560,560.0,,3,14.2,0
561,561.0,,3,14.2,0
562,562.0,330.9,1,14.2,0
563,563.0,330.9,1,14.2,0
564,564.0,,3,14.2,0
565,565.0,,3,14.2,0
566,566.0,330.9,1,14.2,0
567,567.0,,3,14.2,0
568,568.0,,3,14.2,0
569,569.0,,3,14.2,0
570,570.0,330.4,1,14.2,0
571,571.0,,3,14.2,0
572,572.0,,3,14.2,0
573,573.0,,3,14.2,0
574,574.0,,3,14.2,0
575,575.0,330.4,1,14.2,0
576,576.0,,3,14.2,0
577,577.0,,3,14.3,1
578,578.0,,3,14.3,1
579,579.0,,3,14.2,0
580,580.0,,3,14.2,0
581,581.0,,3,14.2,0
582,582.0,,3,14.2,0
583,583.0,330.9,1,14.2,0
584,584.0,330.9,1,14.2,0
585,585.0,,3,14.3,1
586,586.0,329.9,1,14.2,0
587,587.0,,3,14.3,1
588,588.0,,3,14.3,1
589,589.0,,3,14.3,1
590,590.0,329.4,1,14.3,1
591,591.0,329.9,1,14.3,1
592,592.0,329.9,1,14.3,1
593,593.0,330.4,1,14.3,1
594,594.0,330.4,1,14.3,1
595,595.0,329.9,1,14.2,0
596,596.0,329.9,1,14.2,0
597,597.0,329.4,1,14.3,1
598,598.0,,3,14.3,1
599,599.0,,3,14.3,1
600,600.0,,3,14.3,1
601,601.0,,3,14.3,1
602,602.0,329.9,1,14.3,1
603,603.0,,3,4.3,1
604,604.0,,3,14.3,1
605,605.0,329.9,1,14.3,1
606,606.0,,3,14.3,1
607,607.0,,3,14.3,1
608,608.0,,3,14.3,1
609,609.0,,3,14.3,1
610,610.0,329.4,1,14.3,1
611,611.0,329.4,1,14.3,1
612,612.0,,3,14.3,1
613,613.0,329.9,1,14.3,1
614,614.0,329.9,1,14.3,1
615,615.0,329.9,1,14.36,1
616,616.0,,3,14.3,1
617,617.0,328.9,1,14.3,1
618,618.0,,3,14.3,1
619,619.0,328.4,1,14.3,1
620,620.0,,3,14.3,1
621,621.0,529.4,1,14.3,1
622,622.0,329.4,1,14.3,1
623,623.0,329.9,1,14.3,1
624,624.0,329.9,1,14.3,1
625,625.0,529.4,1,14.3,1
626,626.0,329.4,1,14.3,1
627,627.0,,3,14.3,1
628,628.0,,3,14.3,1
629,629.0,,3,14.3,1
630,630.0,,3,14.3,1
631,631.0,,3,14.3,1
632,632.0,,3,14.3,1
633,633.0,329.9,1,14.3,1
634,634.0,,3,14.3,1
635,635.0,328.9,1,14.3,1
636,636.0,,3,14.3,1
637,637.0,,3,14.3,1
638,638.0,,3,14.3,1
639,639.0,327.9,0,14.3,1
640,640.0,,3,14.3,1
641,641.0,,3,14.3,1
642,642.0,,3,14.3,1
643,643.0,329.4,1,14.3,1
644,644.0,329.4,1,14.3,1
645,645.0,328.9,1,14.3,1
646,646.0,,3,14.3,0
647,647.0,328.4,1,14.3,1
648,648.0,327.9,0,14.3,1
649,649.0,327.9,0,14.3,1
650,650.0,328.4,1,14.3,1
651,651.0,328.4,1,14.3,1
652,652.0,,3,14.3,1
653,653.0,,3,14.3,1
654,654.0,,3,14.3,1
655,655.0,328.0,1,14.3,1
656,656.0,,3,14.3,1
657,657.0,328.4,1,14.3,1
658,658.0,327.9,0,14.3,1
659,659.0,327.4,0,14.3,1
660,660.0,328.4,1,14.3,1
661,661.0,328.4,1,14.3,1
662,662.0,328.4,1,14.3,1
663,663.0,328.9,1,14.3,1
664,664.0,,3,14.3,1
665,665.0,328.4,1,14.3,1
666,666.0,328.4,1,14.3,1
667,667.0,327.9,0,14.3,1
668,668.0,327.9,0,14.3,1
669,669.0,327.4,0,14.3,1
670,670.0,327.9,0,14.3,1
671,671.0,328.4,1,14.3,1
672,672.0,,3,14.3,1
673,673.0,,3,14.3,1
674,674.0,,3,14.3,1
675,675.0,,3,14.3,1
676,676.0,328.4,1,14.3,1
677,677.0,327.9,0,14.3,1
678,678.0,327.4,0,14.3,1
679,679.0,326.9,1,14.3,1
680,680.0,327.4,0,14.3,1
681,681.0,327.9,0,14.3,1
682,682.0,327.9,0,14.3,1
683,683.0,328.4,1,14.3,1
684,684.0,328.4,1,14.3,1
685,685.0,327.9,0,14.3,1
686,686.0,327.9,0,14.3,1
687,687.0,327.4,0,14.3,1
688,688.0,326.9,1,14.3,1
689,689.0,526.9,1,14.3,1
690,690.0,327.4,0,14.3,1
691,691.0,327.4,0,14.3,1
692,692.0,327.9,0,14.3,1
693,693.0,328.4,1,14.3,1
694,694.0,328.4,1,14.3,1
695,695.0,327.9,0,14.3,1
696,696.0,327.9,0,14.3,1
697,697.0,327.4,0,14.3,1
698,698.0,526.9,1,14.3,1
699,699.0,326.4,1,14.4,1
700,700.0,326.9,1,14.4,1
701,701.0,327.4,0,14.4,1
702,702.0,327.4,0,14.4,0
703,703.0,327.9,0,14.4,1
704,704.0,327.9,0,14.3,1
705,705.0,327.4,0,14.3,1
706,706.0,327.4,0,14.4,1
707,707.0,326.9,1,14.4,1
708,708.0,526.9,1,14.4,0
709,709.0,326.4,1,14.4,1
710,710.0,326.9,1,14.4,0
711,711.0,327.4,0,14.4,1
712,712.0,327.4,0,14.4,0
713,713.0,327.9,0,14.3,1
714,714.0,327.9,0,14.4,1
715,715.0,327.4,0,14.4,1
716,716.0,327.4,0,14.4,1
717,717.0,326.9,1,14.4,0
718,718.0,326.4,1,14.4,1
719,719.0,326.4,1,14.4,0
720,720.0,326.9,1,14.4,1
721,721.0,326.9,1,14.4,1
722,722.0,327.4,0,14.4,1
723,723.0,327.9,0,14.4,1
724,724.0,327.4,0,14.4,1
725,725.0,327.4,0,14.4,1
726,726.0,526.9,1,14.4,1
727,727.0,326.9,1,14.4,1
728,728.0,326.4,1,14.4,1
729,729.0,325.9,1,14.4,0
730,730.0,326.9,1,14.4,0
731,731.0,326.9,1,14.4,0
732,732.0,326.9,1,14.4,0
733,733.0,327.4,0,14.4,1
734,734.0,327.4,0,14.4,1
735,735.0,326.9,1,14.4,0
736,736.0,326.9,1,14.4,1
737,737.0,326.4,1,14.4,0
738,738.0,326.4,1,14.4,0
739,739.0,325.9,1,14.4,1
740,740.0,326.4,1,14.4,1
741,741.0,326.9,1,14.4,0
742,742.0,526.9,1,14.4,0
743,743.0,327.4,0,14.4,1
744,744.0,327.4,0,14.4,0
745,745.0,326.9,1,14.4,1
746,746.0,326.4,1,14.4,1
747,747.0,326.4,1,14.4,1
748,748.0,,3,14.4,1
749,749.0,325.4,1,14.4,0
750,750.0,326.4,1,14.4,1
751,751.0,326.4,1,14.4,0
752,752.0,326.4,1,14.4,0
753,753.0,326.9,1,14.4,0
754,754.0,326.9,1,14.4,0
755,755.0,326.4,1,14.4,1
756,756.0,326.4,1,14.4,1
757,757.0,325.9,1,14.4,1
758,758.0,,3,14.4,0
759,759.0,325.4,1,14.4,1
760,760.0,325.9,1,14.4,0
761,761.0,326.4,1,14.4,1
762,762.0,326.4,1,14.4,0
763,763.0,326.9,1,14.4,1
764,764.0,326.9,1,14.4,0
765,765.0,326.4,1,14.4,1
766,766.0,326.4,1,14.4,1
767,767.0,,3,14.4,0
768,768.0,325.4,1,14.4,0
769,769.0,,3,14.4,1
770,770.0,,3,14.4,0
771,771.0,,3,14.4,1
772,772.0,325.9,1,14.4,0
773,773.0,326.4,1,14.4,1
774,774.0,326.4,1,14.4,0
775,775.0,325.9,1,14.4,0
776,776.0,,3,14.4,0
777,777.0,325.4,1,14.4,0
778,778.0,325.4,1,14.4,0
779,779.0,324.9,0,14.4,1
780,780.0,325.4,1,14.4,0
781,781.0,325.9,1,14.4,0
782,782.0,,3,14.4,0
783,783.0,326.4,1,14.4,1
784,784.0,326.4,1,14.4,0
785,785.0,,3,14.4,0
786,786.0,,3,14.4,0
787,787.0,325.4,1,14.4,1
788,788.0,324.9,0,14.4,0
789,789.0,324.9,0,14.4,0
790,790.0,325.4,1,14.4,0
791,791.0,325.4,1,14.4,0
792,792.0,325.9,1,14.4,0
793,793.0,326.4,1,14.4,0
794,794.0,325.9,1,14.4,0
795,795.0,,3,14.4,1
796,796.0,325.4,1,14.4,0
797,797.0,325.4,1,14.4,1
798,798.0,324.9,0,14.4,0
799,799.0,324.9,0,14.4,1
800,800.0,325.4,1,14.4,0
801,801.0,325.4,1,14.4,0
802,802.0,325.4,1,14.4,1
803,803.0,325.9,1,14.4,1
804,804.0,325.9,1,14.4,0
805,805.0,325.4,1,14.4,0
806,806.0,325.4,1,14.4,0
807,807.0,324.9,0,14.41,1
808,808.0,324.9,0,14.4,1
809,809.0,324.4,0,14.4,0
810,810.0,324.9,0,14.4,0
811,811.0,324.9,0,14.4,1
812,812.0,325.4,1,14.4,1
813,813.0,325.4,1,14.4,1
814,814.0,325.4,1,14.4,1
815,815.0,325.4,1,14.4,1
816,816.0,324.9,0,14.4,0
817,817.0,324.9,0,14.4,0
818,818.0,324.4,0,14.4,0
819,819.0,323.9,1,14.4,0
820,820.0,324.4,0,14.4,0
821,821.0,324.4,0,14.4,0
822,822.0,324.9,0,14.4,1
823,823.0,325.4,1,14.4,1
824,824.0,325.4,1,14.4,1
825,825.0,324.9,0,14.4,1
826,826.0,324.9,0,14.4,0
827,827.0,324.4,0,14.4,0
828,828.0,323.9,1,14.4,0
829,829.0,323.4,1,14.4,0
830,830.0,323.9,1,14.4,0
831,831.0,324.4,1,14.4,0
832,832.0,324.4,0,14.4,0
833,833.0,324.9,0,14.4,0
834,834.0,324.9,0,14.4,1
835,835.0,324.4,0,14.4,0
836,836.0,324.4,0,14.4,0
837,837.0,323.9,1,14.4,0
838,838.0,323.9,1,14.4,0
839,839.0,323.4,1,14.4,0
840,840.0,324.4,0,14.4,0
841,841.0,324.4,1,14.4,0
842,842.0,324.4,0,14.4,0
843,843.0,324.9,0,14.4,0
844,844.0,324.9,0,14.4,0
845,845.0,324.4,0,14.4,0
846,846.0,324.4,1,14.4,0
847,847.0,323.9,1,14.4,0
848,848.0,323.4,1,14.4,0
849,849.0,323.4,1,14.4,0
850,850.0,323.9,1,14.4,0
851,851.0,323.9,1,14.4,0
852,852.0,324.4,0,14.4,0
853,853.0,324.9,0,14.4,0
854,854.0,324.9,0,14.4,0
855,855.0,324.4,0,14.4,0
856,856.0,324.4,0,14.4,0
857,857.0,323.9,1,14.4,0
858,858.0,323.4,1,14.4,0
859,859.0,322.9,1,14.4,0
860,860.0,323.9,1,14.4,0
861,861.0,323.9,1,14.4,0
862,862.0,323.9,1,14.4,0
863,863.0,324.4,0,14.4,0
864,864.0,324.4,0,14.4,0
865,865.0,324.4,1,14.4,0
866,866.0,323.9,1,14.4,0
867,867.0,323.4,1,14.4,0
868,868.0,323.4,1,14.4,0
869,869.0,322.9,1,14.4,0
870,870.0,323.4,1,14.4,0
871,871.0,323.4,1,14.4,0
872,872.0,323.9,1,14.4,0
873,873.0,324.4,0,14.4,0
874,874.0,324.4,0,14.4,0
875,875.0,323.9,1,14.4,0
876,876.0,323.9,1,14.4,0
877,877.0,323.4,1,14.4,0
878,878.0,322.9,1,14.4,0
879,879.0,322.4,1,14.4,0
880,880.0,322.9,1,14.4,0
881,881.0,323.4,1,14.4,0
882,882.0,323.4,1,14.4,0
883,883.0,323.9,1,14.4,0
884,884.0,323.9,1,14.5,0
885,885.0,323.4,1,14.5,0
886,886.0,323.4,1,14.5,0
887,887.0,322.9,1,14.4,0
888,888.0,322.4,1,14.4,0
889,889.0,322.4,1,14.4,0
890,890.0,322.9,1,14.4,0
891,891.0,322.9,1,14.4,0
892,892.0,323.4,1,14.5,0
893,893.0,323.9,1,14.5,0
894,894.0,323.4,1,14.5,0
895,895.0,323.4,1,14.5,0
896,896.0,323.4,1,14.5,0
897,897.0,322.9,1,14.5,0
898,898.0,322.4,1,14.5,0
899,899.0,322.4,1,14.5,0
900,900.0,322.9,1,14.5,0
901,901.0,322.9,1,14.5,0
902,902.0,322.9,1,14.5,0
903,903.0,323.9,1,14.5,0
904,904.0,323.4,1,14.5,0
905,905.0,322.9,1,14.5,0
906,906.0,322.9,1,14.5,0
907,907.0,322.4,1,14.5,0
908,908.0,322.4,1,14.5,0
909,909.0,321.9,0,14.5,0
910,910.0,322.4,1,14.5,0
911,911.0,322.9,1,14.5,0
912,912.0,322.9,1,14.5,0
913,913.0,323.4,1,14.5,0
914,914.0,323.4,1,14.5,0
915,915.0,322.9,1,14.5,0
916,916.0,322.9,1,14.5,0
917,917.0,322.4,1,14.5,0
918,918.0,321.9,0,14.5,0
919,919.0,321.4,0,14.5,0
920,920.0,322.4,1,14.5,0
921,921.0,322.4,1,14.5,0
922,922.0,322.4,1,14.5,1
923,923.0,322.9,1,14.5,0
924,924.0,322.9,1,14.5,0
925,925.0,322.4,1,14.5,0
926,926.0,322.4,1,14.5,0
927,927.0,321.9,0,14.56,0
928,928.0,321.4,0,14.5,0
929,929.0,321.4,0,14.5,0
930,930.0,321.9,0,14.5,0
931,931.0,321.9,0,14.5,0
932,932.0,322.4,1,14.5,0
933,933.0,322.9,1,14.5,0
934,934.0,322.9,1,14.5,0
935,935.0,322.4,1,14.5,0
936,936.0,322.4,1,14.5,0
937,937.0,321.9,0,14.5,0
938,938.0,321.4,0,14.56,0
939,939.0,321.4,0,14.5,0
940,940.0,321.9,0,14.5,0
941,941.0,321.9,0,14.5,0
942,942.0,322.4,1,14.5,0
943,943.0,322.4,1,14.5,0
944,944.0,322.4,1,14.5,0
945,945.0,321.9,0,14.5,0
946,946.0,321.9,0,14.5,0
947,947.0,321.4,0,14.5,0
948,948.0,321.4,0,14.5,0
949,949.0,,3,14.5,0
950,950.0,321.4,0,14.5,0
951,951.0,321.9,0,14.5,0
952,952.0,321.9,0,14.5,0
953,953.0,322.4,1,14.5,0
954,954.0,322.4,1,14.5,0
955,955.0,321.9,0,14.5,0
956,956.0,321.9,0,14.5,0
957,957.0,321.4,0,14.5,0
958,958.0,320.9,1,14.5,0
959,959.0,320.9,1,14.5,0
960,960.0,321.4,0,14.5,0
961,961.0,321.4,0,14.5,0
962,962.0,321.9,0,14.5,0
963,963.0,322.4,1,14.5,0
964,964.0,321.9,0,14.5,0
965,965.0,321.9,0,14.5,0
966,966.0,321.9,0,14.5,0
967,967.0,321.4,0,14.5,0
968,968.0,,3,14.5,0
969,969.0,320.4,1,14.5,0
970,970.0,321.4,0,14.5,0
971,971.0,321.4,0,14.5,0
972,972.0,321.4,0,14.5,0
973,973.0,321.9,0,14.5,0
974,974.0,321.9,0,14.5,0
975,975.0,321.4,0,14.5,0
976,976.0,321.4,0,14.5,0
977,977.0,320.9,1,14.5,0
978,978.0,320.4,1,14.5,0
979,979.0,320.4,1,14.5,0
980,980.0,,3,14.5,0
981,981.0,321.4,0,14.5,0
982,982.0,321.4,0,14.5,0
983,983.0,321.9,0,14.5,0
984,984.0,321.9,0,14.5,0
985,985.0,321.4,0,14.5,0
986,986.0,321.4,0,14.5,0
987,987.0,320.9,1,14.5,0
988,988.0,320.4,1,14.5,0
989,989.0,320.4,1,14.5,0
990,990.0,,3,14.5,0
991,991.0,,3,14.5,0
992,992.0,321.4,0,14.5,0
993,993.0,321.4,0,14.5,0
994,994.0,321.4,0,14.5,0
995,995.0,321.4,0,14.5,0
996,996.0,321.4,0,14.5,0
997,997.0,,3,14.5,0
998,998.0,320.4,1,14.5,0
999,999.0,319.9,1,14.5,0
1000,1000.0,320.4,1,14.5,0
1001,1001.0,320.9,1,14.5,0
1002,1002.0,,3,14.5,0
1003,1003.0,321.4,0,14.5,0
1004,1004.0,321.4,0,14.5,0
1005,1005.0,320.9,1,14.5,0
1006,1006.0,320.9,1,14.5,0
1007,1007.0,320.4,1,14.5,0
1008,1008.0,319.9,1,14.5,0
1009,1009.0,319.9,1,14.5,0
1010,1010.0,320.4,1,14.5,0
1011,1011.0,320.4,1,14.5,0
1012,1012.0,320.4,1,14.5,0
1013,1013.0,321.4,0,14.5,0
1014,1014.0,320.9,1,14.5,0
1015,1015.0,320.4,1,14.6,0
1016,1016.0,320.4,1,14.5,0
1017,1017.0,320.4,1,14.61,0
1018,1018.0,319.9,1,14.5,0
1019,1019.0,319.4,1,14.56,1
1020,1020.0,319.9,1,14.67,0
1021,1021.0,319.9,1,14.67,0
1022,1022.0,320.4,1,14.67,0
1023,1023.0,320.9,1,14.5,0
1024,1024.0,320.9,1,14.5,0
1025,1025.0,320.4,1,14.5,0
1026,1026.0,320.4,1,14.5,0
1027,1027.0,319.9,1,14.6,0
1028,1028.0,319.4,1,14.61,1
1029,1029.0,318.9,0,14.61,1
1030,1030.0,319.9,1,14.67,0
1031,1031.0,319.9,1,14.5,0
1032,1032.0,319.9,1,14.6,0
1033,1033.0,320.4,1,14.67,0
1034,1034.0,320.4,1,14.67,0
1035,1035.0,319.9,1,14.67,0
1036,1036.0,319.9,1,14.5,0
1037,1037.0,319.4,1,14.6,0
1038,1038.0,319.4,0,14.61,1
1039,1039.0,318.9,0,14.6,0
1040,1040.0,319.9,1,14.67,0
1041,1041.0,319.9,1,14.67,0
1042,1042.0,319.9,1,14.6,0
1043,1043.0,320.4,1,14.67,0
1044,1044.0,320.4,1,14.67,0
1045,1045.0,319.9,1,14.67,0
1046,1046.0,319.9,1,14.67,0
1047,1047.0,319.4,1,14.6,0
1048,1048.0,318.9,0,14.61,1
1049,1049.0,318.9,0,14.6,1
1050,1050.0,319.4,1,14.61,1
1051,1051.0,319.4,1,14.61,1
1052,1052.0,319.9,1,14.67,0
1053,1053.0,320.4,1,14.6,0
1054,1054.0,319.9,1,14.67,0
1055,1055.0,319.4,1,14.6,0
1056,1056.0,319.4,0,14.6,1
1057,1057.0,319.4,1,14.61,1
1058,1058.0,318.9,0,14.61,1
1059,1059.0,318.4,0,14.67,1
1060,1060.0,318.9,0,14.6,0
1061,1061.0,319.4,1,14.6,1
1062,1062.0,319.4,1,14.6,1
1063,1063.0,319.9,1,14.67,0
1064,1064.0,319.9,1,14.6,0
1065,1065.0,319.4,1,14.6,1
1066,1066.0,319.4,0,14.61,1
1067,1067.0,318.9,0,14.6,1
1068,1068.0,318.4,0,14.6,0
1069,1069.0,318.4,0,14.6,1
1070,1070.0,318.9,0,14.6,1
1071,1071.0,319.4,1,14.6,1
1072,1072.0,319.4,1,14.6,1
1073,1073.0,319.9,1,14.67,0
1074,1074.0,319.9,1,14.67,0
1075,1075.0,319.4,0,14.6,0
1076,1076.0,319.4,0,14.6,1
1077,1077.0,318.9,0,14.61,1
1078,1078.0,318.4,0,14.61,1
1079,1079.0,318.4,0,14.61,1
1080,1080.0,318.9,0,14.6,0
1081,1081.0,318.9,0,14.6,0
1082,1082.0,319.4,1,14.6,0
1083,1083.0,319.4,0,14.6,0
1084,1084.0,319.4,1,14.6,0
1085,1085.0,319.4,1,14.6,1
1086,1086.0,318.9,0,14.6,0
1087,1087.0,318.9,0,14.6,0
1088,1088.0,318.4,0,14.6,1
1089,1089.0,317.9,0,14.6,0
1090,1090.0,318.9,0,14.6,1
1091,1091.0,318.9,0,14.6,1
1092,1092.0,318.9,0,14.6,1
1093,1093.0,319.4,1,14.61,1
1094,1094.0,319.4,0,14.6,0
1095,1095.0,318.9,0,14.6,1
1096,1096.0,318.9,0,14.6,1
1097,1097.0,318.4,0,14.61,1
1098,1098.0,317.9,0,14.61,1
1099,1099.0,317.9,0,14.6,0
1100,1100.0,318.4,0,14.61,1
1101,1101.0,318.9,0,14.6,0
1102,1102.0,318.9,0,14.6,0
1103,1103.0,319.4,1,14.6,0
1104,1104.0,318.9,0,14.6,0
1105,1105.0,318.9,0,14.6,1
1106,1106.0,318.9,0,14.6,0
1107,1107.0,318.4,0,14.61,1
1108,1108.0,317.9,0,14.6,1
1109,1109.0,317.4,0,14.61,1
1110,1110.0,318.4,0,14.6,1
1111,1111.0,318.4,0,14.6,0
1112,1112.0,318.4,0,14.6,0
1113,1113.0,318.9,0,14.61,1
1114,1114.0,318.9,0,14.67,0
1115,1115.0,318.4,0,14.6,1
1116,1116.0,318.4,0,14.6,1
1117,1117.0,317.9,0,14.6,1
1118,1118.0,317.4,0,14.6,1
1119,1119.0,317.4,0,14.6,0
1120,1120.0,317.9,0,14.61,1
1121,1121.0,318.4,0,14.6,1
1122,1122.0,318.4,0,14.6,0
1123,1123.0,318.9,0,14.6,0
1124,1124.0,318.9,0,14.6,0
1125,1125.0,318.4,0,14.6,0
1126,1126.0,318.4,0,14.6,1
1127,1127.0,317.9,0,14.6,0
1128,1128.0,317.4,0,14.6,1
1129,1129.0,317.4,0,14.6,1
1130,1130.0,317.9,0,14.6,0
1131,1131.0,317.9,0,14.6,0
1132,1132.0,318.4,0,14.6,1
1133,1133.0,318.9,0,14.6,1
1134,1134.0,318.4,0,14.6,1
1135,1135.0,318.4,0,14.6,0
1136,1136.0,317.9,0,14.6,1
1137,1137.0,317.4,0,14.6,0
1138,1138.0,317.4,0,14.6,1
1139,1139.0,317.4,0,14.6,1
1140,1140.0,317.9,0,14.6,0
1141,1141.0,317.9,0,14.6,0
1142,1142.0,317.9,0,14.6,0
1143,1143.0,318.4,0,14.6,1
1144,1144.0,318.4,0,14.6,0
1145,1145.0,317.9,0,14.6,0
1146,1146.0,317.9,0,14.67,0
1147,1147.0,317.4,0,14.6,0
1148,1148.0,316.9,1,14.6,1
1149,1149.0,316.9,0,14.6,1
1150,1150.0,317.4,0,14.6,0
1151,1151.0,317.4,0,14.6,1
1152,1152.0,317.9,0,14.6,0
1153,1153.0,318.4,1,14.6,1
1154,1154.0,318.4,0,14.6,0
1155,1155.0,317.9,0,14.6,1
1156,1156.0,317.9,0,14.61,1
1157,1157.0,317.4,0,14.6,1
1158,1158.0,316.9,1,14.6,0
1159,1159.0,316.9,1,14.6,0
1160,1160.0,317.4,0,14.6,1
1161,1161.0,317.4,0,14.67,0
1162,1162.0,317.4,0,14.6,0
1163,1163.0,317.9,0,14.6,0
1164,1164.0,317.9,0,14.67,1
1165,1165.0,317.4,0,14.6,0
1166,1166.0,317.4,0,14.6,0
1167,1167.0,316.9,0,14.6,0
1168,1168.0,316.4,1,14.61,1
1169,1169.0,316.4,0,14.6,0
1170,1170.0,316.9,1,14.61,1
1171,1171.0,316.9,1,14.67,0
1172,1172.0,317.4,0,14.6,0
1173,1173.0,317.9,0,14.61,1
1174,1174.0,317.4,0,14.67,0
1175,1175.0,317.4,0,14.6,0
1176,1176.0,317.4,0,14.6,0
1177,1177.0,316.9,0,14.67,0
1178,1178.0,316.4,0,14.6,0
1179,1179.0,316.4,0,14.6,1
1180,1180.0,316.9,1,14.67,0
1181,1181.0,316.9,1,14.6,0
1182,1182.0,316.9,0,14.6,0
1183,1183.0,317.4,0,14.7,1
1184,1184.0,317.4,0,14.7,1
1185,1185.0,316.9,1,14.7,1
1186,1186.0,316.9,1,14.7,1
1187,1187.0,316.4,0,14.6,1
1188,1188.0,315.9,1,14.66,0
1189,1189.0,315.9,1,14.7,1
1190,1190.0,316.4,1,14.7,1
1191,1191.0,316.4,1,14.7,1
1192,1192.0,316.9,1,14.7,1
1193,1193.0,317.4,0,14.7,1
1194,1194.0,317.4,0,14.7,1
1195,1195.0,316.9,1,14.7,1
1196,1196.0,316.9,1,14.7,1
1197,1197.0,316.4,0,14.7,1
1198,1198.0,315.9,1,14.7,1
1199,1199.0,315.9,1,14.7,1
1200,1200.0,316.4,0,14.7,1
1201,1201.0,316.4,1,14.7,1
1202,1202.0,316.4,0,14.7,1
1203,1203.0,316.9,1,14.7,1
1204,1204.0,316.9,1,14.7,1
1205,1205.0,316.4,1,14.7,1
1206,1206.0,316.4,1,14.7,1
1207,1207.0,315.9,1,14.7,1
1208,1208.0,315.4,1,14.7,1
1209,1209.0,315.4,1,14.7,1
1210,1210.0,315.9,1,14.7,1
1211,1211.0,316.9,1,14.7,1
1212,1212.0,316.4,1,14.7,1
1213,1213.0,316.9,1,14.7,1
1214,1214.0,316.9,1,14.7,1
1215,1215.0,316.4,1,14.7,1
1216,1216.0,316.4,1,14.7,1
1217,1217.0,315.9,1,14.7,1
1218,1218.0,310.9,1,14.7,1
1219,1219.0,315.4,1,14.7,1
1220,1220.0,315.9,1,14.7,1
1221,1221.0,315.9,1,14.7,1
1222,1222.0,316.9,1,14.7,1
1223,1223.0,316.4,1,14.7,1
1224,1224.0,316.4,1,14.7,1
1225,1225.0,315.9,1,14.7,1
1226,1226.0,315.9,1,14.7,1
1227,1227.0,315.4,1,14.7,1
1228,1228.0,314.9,0,14.7,1
1229,1229.0,316.9,1,14.7,1
1230,1230.0,315.4,1,14.7,1
1231,1231.0,315.9,1,14.7,1
1232,1232.0,315.9,1,14.7,1
1233,1233.0,316.4,1,14.7,1
1234,1234.0,316.4,1,14.7,1
1235,1235.0,315.9,1,14.7,1
1236,1236.0,315.9,1,14.7,1
1237,1237.0,315.4,1,14.7,1
1238,1238.0,314.9,0,14.7,0
1239,1239.0,314.9,0,14.7,1
1240,1240.0,315.4,1,14.7,1
1241,1241.0,315.4,1,14.7,1
1242,1242.0,315.9,1,14.7,1
1243,1243.0,315.9,1,14.7,1
1244,1244.0,315.9,1,14.7,1
1245,1245.0,315.4,1,14.7,1
1246,1246.0,315.4,1,14.7,1
1247,1247.0,314.9,0,14.7,1
1248,1248.0,314.4,0,14.7,0
1249,1249.0,314.4,0,14.7,0
1250,1250.0,314.9,0,14.7,1
1251,1251.0,316.9,0,14.7,1
1252,1252.0,315.4,1,14.7,1
1253,1253.0,315.9,1,14.7,1
1254,1254.0,315.9,1,14.7,1
1255,1255.0,315.4,1,14.7,1
1256,1256.0,315.4,1,14.7,1
1257,1257.0,314.9,0,14.7,0
1258,1258.0,314.4,0,14.7,0
1259,1259.0,314.9,0,14.7,0
1260,1260.0,314.9,0,14.7,1
1261,1261.0,314.9,0,14.7,1
1262,1262.0,315.4,1,14.7,1
1263,1263.0,315.9,1,14.7,1
1264,1264.0,315.9,1,14.7,1
1265,1265.0,315.4,1,14.7,1
1266,1266.0,315.4,1,14.7,1
1267,1267.0,314.4,0,14.7,0
1268,1268.0,313.9,1,14.7,0
1269,1269.0,314.4,0,14.7,0
1270,1270.0,314.9,0,14.7,1
1271,1271.0,314.9,0,14.7,1
1272,1272.0,316.4,1,14.7,1
1273,1273.0,315.4,1,14.7,1
1274,1274.0,315.4,1,14.7,1
1275,1275.0,314.9,0,14.7,1
1276,1276.0,314.9,0,14.7,1
1277,1277.0,314.4,0,14.7,0
1278,1278.0,313.9,1,14.7,0
1279,1279.0,314.4,0,14.7,0
1280,1280.0,314.9,0,14.7,1
1281,1281.0,314.9,0,14.7,1
1282,1282.0,314.9,0,14.7,1
1283,1283.0,315.4,1,14.7,1
1284,1284.0,315.4,1,14.7,1
1285,1285.0,314.9,0,14.7,1
1286,1286.0,314.9,0,14.7,1
1287,1287.0,318.9,1,14.7,0
1288,1288.0,313.4,1,14.7,1
1289,1289.0,318.9,1,14.7,0
1290,1290.0,314.4,0,14.7,0
1291,1291.0,314.4,0,14.7,1
1292,1292.0,314.9,0,14.7,0
1293,1293.0,314.9,0,14.7,1
1294,1294.0,314.9,0,14.7,1
1295,1295.0,314.4,0,14.7,0
1296,1296.0,314.4,0,14.7,0
1297,1297.0,313.9,1,14.7,0
1298,1298.0,313.4,1,14.7,1
1299,1299.0,313.9,1,14.7,0
1300,1300.0,313.9,1,14.7,0
1301,1301.0,314.4,0,14.7,0
1302,1302.0,314.4,0,14.7,0
1303,1303.0,314.9,0,14.7,1
1304,1304.0,314.9,0,14.7,0
1305,1305.0,314.4,0,14.7,0
1306,1306.0,314.4,0,14.7,0
1307,1307.0,313.4,1,14.7,1
1308,1308.0,312.9,0,14.7,0
1309,1309.0,313.4,0,14.7,0
1310,1310.0,313.9,1,14.8,0
1311,1311.0,313.9,1,14.8,0
1312,1312.0,314.4,0,14.8,0
1313,1313.0,314.4,0,14.8,0
1314,1314.0,314.4,0,14.7,0
1315,1315.0,313.9,1,14.7,0
1316,1316.0,313.9,1,14.7,0
1317,1317.0,312.9,0,14.8,0
1318,1318.0,312.4,0,14.8,0
1319,1319.0,312.9,0,14.8,0
1320,1320.0,313.4,1,14.7,1
1321,1321.0,313.4,1,14.7,0
1322,1322.0,313.9,1,14.7,0
1323,1323.0,314.4,0,14.8,0
1324,1324.0,314.4,0,14.8,0
1325,1325.0,313.9,1,14.8,0
1326,1326.0,313.9,1,14.8,0
1327,1327.0,312.9,1,14.8,0
1328,1328.0,312.4,0,14.8,0
1329,1329.0,312.9,0,14.8,0
1330,1330.0,313.4,1,14.8,0
1331,1331.0,313.4,1,14.8,0
1332,1332.0,313.9,1,14.8,0
1333,1333.0,314.4,0,14.8,0
1334,1334.0,313.9,1,14.8,0
1335,1335.0,313.4,1,14.8,0
1336,1336.0,313.4,1,14.8,0
1337,1337.0,312.9,0,14.8,0
1338,1338.0,312.4,0,14.8,0
1339,1339.0,312.9,0,14.8,0
1340,1340.0,313.4,1,14.8,0
1341,1341.0,313.4,1,14.8,0
1342,1342.0,313.9,1,14.8,0
1343,1343.0,313.9,1,14.8,0
1344,1344.0,313.9,1,14.8,0
1345,1345.0,313.4,1,14.8,0
1346,1346.0,313.4,1,14.8,0
1347,1347.0,312.4,0,14.8,0
1348,1348.0,312.4,0,14.8,0
1349,1349.0,312.9,0,14.8,0
1350,1350.0,312.9,0,14.8,0
1351,1351.0,313.4,0,14.8,0
1352,1352.0,313.4,1,14.8,0
1353,1353.0,313.9,1,14.8,0
1354,1354.0,313.9,1,14.8,0
1355,1355.0,313.4,1,14.8,0
1356,1356.0,313.4,1,14.8,0
1357,1357.0,312.4,0,14.8,0
1358,1358.0,312.4,0,14.8,0
1359,1359.0,312.9,0,14.8,0
1360,1360.0,312.9,0,14.8,0
1361,1361.0,312.9,0,14.8,0
1362,1362.0,313.4,1,14.8,0
1363,1363.0,313.9,1,14.8,0
1364,1364.0,313.4,1,14.8,0
1365,1365.0,313.4,1,14.8,0
1366,1366.0,313.4,1,14.8,0
1367,1367.0,312.4,0,14.8,0
1368,1368.0,311.9,0,14.8,0
1369,1369.0,312.9,0,14.8,0
1370,1370.0,312.9,0,14.8,0
1371,1371.0,312.9,0,14.8,0
1372,1372.0,313.4,1,14.8,0
1373,1373.0,313.4,1,14.8,0
1374,1374.0,313.4,1,14.8,0
1375,1375.0,312.9,0,14.8,0
1376,1376.0,312.9,0,14.8,0
1377,1377.0,310.9,0,14.8,0
1378,1378.0,311.9,0,14.8,0
1379,1379.0,312.4,0,14.8,0
1380,1380.0,312.4,0,14.8,0
1381,1381.0,312.9,0,14.8,0
1382,1382.0,312.9,0,14.8,0
1383,1383.0,313.4,1,14.8,0
1384,1384.0,313.4,1,14.8,0
1385,1385.0,312.9,0,14.8,0
1386,1386.0,312.9,0,14.8,0
1387,1387.0,311.9,0,14.8,0
1388,1388.0,311.4,0,14.8,0
1389,1389.0,311.9,0,14.8,0
1390,1390.0,312.4,0,14.8,0
1391,1391.0,312.4,0,14.8,0
1392,1392.0,312.9,0,14.8,0
1393,1393.0,312.9,0,14.8,0
1394,1394.0,312.9,0,14.8,0
1395,1395.0,312.9,0,14.8,0
1396,1396.0,312.4,0,14.7,0
1397,1397.0,311.4,0,14.8,0
1398,1398.0,311.4,0,14.7,0
1399,1399.0,311.9,0,14.8,0
1400,1400.0,311.9,0,14.8,0
1401,1401.0,312.4,0,14.8,0
1402,1402.0,312.4,0,14.7,0
1403,1403.0,312.9,0,14.7,1
1404,1404.0,312.9,0,14.8,0
1405,1405.0,312.4,0,14.7,1
1406,1406.0,312.4,0,14.8,0
1407,1407.0,311.9,0,14.8,0
1408,1408.0,311.4,0,14.8,0
1409,1409.0,311.9,0,14.8,0
1410,1410.0,311.9,0,14.8,0
1411,1411.0,312.4,0,14.7,1
1412,1412.0,312.4,0,14.7,1
1413,1413.0,312.9,0,14.7,0
1414,1414.0,312.4,0,14.7,1
1415,1415.0,312.4,0,14.3,0
1416,1416.0,312.4,0,14.76,1
1417,1417.0,311.4,0,14.7,0
1418,1418.0,310.9,1,14.7,1
1419,1419.0,311.4,0,14.7,1
1420,1420.0,311.9,0,14.7,0
1421,1421.0,311.9,0,14.7,0
1422,1422.0,312.4,0,14.7,1
1423,1423.0,312.4,0,14.7,1
1424,1424.0,312.4,0,14.8,0
1425,1425.0,311.9,0,14.8,0
1426,1426.0,311.9,0,14.8,0
1427,1427.0,310.9,0,14.8,0
1428,1428.0,310.4,1,14.8,0
1429,1429.0,310.4,0,14.8,0
1430,1430.0,311.4,0,14.8,0
1431,1431.0,311.4,0,14.76,1
1432,1432.0,311.9,0,14.7,0
1433,1433.0,311.9,0,14.7,1
1434,1434.0,311.9,0,14.7,1
1435,1435.0,311.4,0,14.7,1
1436,1436.0,311.4,0,14.76,1
1437,1437.0,310.4,1,14.7,0
1438,1438.0,310.4,1,14.7,1
1439,1439.0,311.4,0,14.7,0
1440,1440.0,311.4,0,14.7,0
1441,1441.0,311.9,0,14.7,0
1442,1442.0,311.9,0,14.7,0
1443,1443.0,311.4,0,14.7,0
1444,1444.0,311.4,0,14.7,0
1445,1445.0,310.4,1,14.7,0
1446,1446.0,,3,14.7,0
1447,1447.0,310.4,1,14.7,0
1448,1448.0,310.4,1,14.7,0
1449,1449.0,310.9,1,14.7,0
1450,1450.0,310.4,0,14.7,0
1451,1451.0,311.4,0,14.7,0
1452,1452.0,310.4,0,14.2,0
1453,1453.0,310.9,1,14.7,0
1454,1454.0,310.9,1,14.7,0
1455,1455.0,309.9,1,14.7,0
1456,1456.0,309.4,1,14.7,0
1457,1457.0,,3,14.7,0
1458,1458.0,310.4,1,14.7,0
1459,1459.0,310.4,1,14.7,0
1460,1460.0,310.9,1,14.7,0
1461,1461.0,310.9,1,14.7,0
1462,1462.0,310.9,1,14.7,0
1463,1463.0,310.4,1,14.7,0
1464,1464.0,310.4,1,14.7,0
1465,1465.0,309.4,1,14.7,0
1466,1466.0,,3,14.7,0
1467,1467.0,,3,14.7,0
1468,1468.0,,3,14.7,0
1469,1469.0,310.4,1,14.8,0
1470,1470.0,310.4,1,14.8,0
1471,1471.0,310.9,1,14.8,0
1472,1472.0,310.9,1,14.8,0
1473,1473.0,310.4,1,14.8,0
1474,1474.0,310.4,1,14.7,0
1475,1475.0,309.4,1,14.7,0
1476,1476.0,308.9,1,14.7,0
1477,1477.0,309.9,1,14.7,0
1478,1478.0,,3,14.7,0
1479,1479.0,,3,14.7,0
1480,1480.0,310.4,1,14.8,0
1481,1481.0,310.9,1,14.8,0
1482,1482.0,310.9,1,14.8,0
1483,1483.0,310.4,1,14.8,0
1484,1484.0,310.4,1,14.8,0
1485,1485.0,308.9,1,14.8,0
1486,1486.0,,3,14.8,0
1487,1487.0,309.4,1,14.8,0
1488,1488.0,,3,14.8,0
1489,1489.0,,3,14.8,0
1490,1490.0,310.4,1,14.8,0
1491,1491.0,310.4,1,14.8,0
1492,1492.0,310.4,1,14.8,0
1493,1493.0,,3,14.8,0
1494,1494.0,,3,14.8,0
1495,1495.0,308.9,1,14.8,0
1496,1496.0,,3,14.8,0
1497,1497.0,308.4,1,14.8,0
1498,1498.0,309.4,1,14.8,0
1499,1499.0,309.9,1,14.8,0
1500,1500.0,300.9,1,14.8,0
1501,1501.0,310.4,1,14.8,0
1502,1502.0,310.4,1,14.8,0
1503,1503.0,,3,14.8,0
1504,1504.0,,3,14.8,0
1505,1505.0,308.9,1,14.8,0
1506,1506.0,308.4,1,14.8,0
1507,1507.0,309.4,1,14.8,0
1508,1508.0,309.4,1,14.8,0
1509,1509.0,309.4,1,14.8,0
1510,1510.0,,3,14.8,0
1511,1511.0,310.4,1,14.8,0
1512,1512.0,,3,14.8,0
1513,1513.0,,3,14.8,0
1514,1514.0,,3,14.8,0
1515,1515.0,,3,14.8,0
1516,1516.0,308.4,1,14.8,0
1517,1517.0,,3,14.8,0
1518,1518.0,309.4,1,14.8,0
1519,1519.0,309.4,1,14.8,0
1520,1520.0,,3,14.8,0
1521,1521.0,,3,14.8,0
1522,1522.0,,3,14.8,0
1523,1523.0,309.9,1,14.8,0
1524,1524.0,309.4,1,14.8,0
1525,1525.0,308.9,1,14.8,0
1526,1526.0,308.4,1,14.8,0
1527,1527.0,,3,14.8,0
1528,1528.0,,3,14.8,0
1529,1529.0,309.4,1,14.8,0
1530,1530.0,309.9,1,14.8,0
1531,1531.0,,3,14.8,0
1532,1532.0,,3,14.8,0
1533,1533.0,309.4,1,14.8,0
1534,1534.0,309.4,1,14.8,0
1535,1535.0,308.4,1,14.8,0
1536,1536.0,307.9,0,14.8,0
1537,1537.0,308.4,1,14.8,0
1538,1538.0,308.9,1,14.8,0
1539,1539.0,,3,14.8,0
1540,1540.0,308.9,1,14.8,0
1541,1541.0,,3,14.8,0
1542,1542.0,309.4,1,14.8,0
1543,1543.0,,3,14.8,0
1544,1544.0,,3,14.8,0
1545,1545.0,301.4,1,15.0,1
1546,1546.0,302.4,1,15.0,1
1547,1547.0,302.4,0,15.0,1
1548,1548.0,302.9,1,15.0,0
1549,1549.0,303.4,1,15.0,1
1550,1550.0,303.4,1,15.0,1
1551,1551.0,303.9,1,15.0,1
1552,1552.0,302.9,1,15.0,1
1553,1553.0,302.4,0,15.0,1
1554,1554.0,301.9,1,15.0,1
1555,1555.0,301.9,1,15.0,0
1556,1556.0,302.4,1,15.0,0
1557,1557.0,302.4,1,15.0,0
1558,1558.0,302.9,0,15.0,0
1559,1559.0,303.4,1,15.0,1
1560,1560.0,303.4,1,15.0,0
1561,1561.0,302.9,1,15.0,0
1562,1562.0,302.9,0,15.0,1
1563,1563.0,302.4,1,15.0,0
1564,1564.0,301.4,1,15.0,0
1565,1565.0,301.4,1,15.0,1
1566,1566.0,302.9,1,15.0,0
1567,1567.0,302.4,1,15.0,1
1568,1568.0,302.9,0,15.0,1
1569,1569.0,303.4,1,15.0,0
1570,1570.0,303.4,1,15.0,0
1571,1571.0,302.9,1,15.0,0
1572,1572.0,302.4,1,15.0,0
1573,1573.0,301.9,1,15.0,0
1574,1574.0,301.4,1,15.0,0
1575,1575.0,301.4,1,15.0,1
1576,1576.0,301.9,1,15.0,1
1577,1577.0,302.4,1,15.0,0
1578,1578.0,302.4,1,15.0,1
1579,1579.0,302.9,1,15.0,0
1580,1580.0,303.9,1,15.0,1
1581,1581.0,302.4,0,15.0,0
1582,1582.0,302.4,1,15.0,0
1583,1583.0,301.9,1,15.0,0
1584,1584.0,301.4,1,15.0,0
1585,1585.0,301.4,1,15.0,0
1586,1586.0,301.9,1,15.0,0
1587,1587.0,302.4,1,15.0,0
1588,1588.0,302.4,1,15.0,0
1589,1589.0,302.9,1,15.0,0
1590,1590.0,302.9,1,15.0,0
1591,1591.0,302.4,1,15.0,1
1592,1592.0,302.4,0,15.0,1
1593,1593.0,301.9,1,15.0,1
1594,1594.0,,3,15.0,0
1595,1595.0,301.4,1,15.0,0
1596,1596.0,301.9,1,15.0,0
1597,1597.0,301.9,1,15.0,0
1598,1598.0,302.4,1,15.0,0
1599,1599.0,302.9,1,15.0,0
1600,1600.0,302.9,0,15.0,1
1601,1601.0,302.4,1,15.0,1
1602,1602.0,301.9,1,15.0,1
1603,1603.0,301.4,1,15.0,1
1604,1604.0,,3,15.0,0
1605,1605.0,301.4,1,15.0,0
1606,1606.0,301.9,1,15.0,0
1607,1607.0,301.9,1,15.0,0
1608,1608.0,301.9,1,15.0,0
1609,1609.0,302.4,0,15.0,0
1610,1610.0,302.4,0,15.0,0
1611,1611.0,301.9,1,15.0,0
1612,1612.0,301.9,1,15.0,1
1613,1613.0,301.4,1,15.0,0
1614,1614.0,300.9,1,15.0,0
1615,1615.0,300.9,1,15.0,0
1616,1616.0,301.4,1,15.0,0
1617,1617.0,301.4,1,15.0,1
1618,1618.0,301.9,1,15.0,0
1619,1619.0,302.4,1,15.0,1
1620,1620.0,302.4,1,15.1,1
1621,1621.0,301.9,1,15.0,0
1622,1622.0,301.4,1,15.1,1
1623,1623.0,300.9,1,15.1,1
1624,1624.0,300.4,1,15.0,0
1625,1625.0,300.9,1,15.1,1
1626,1626.0,,3,15.1,1
1627,1627.0,301.4,1,15.1,1
1628,1628.0,301.4,1,15.1,1
1629,1629.0,301.9,1,15.1,1
1630,1630.0,301.9,1,15.1,1
1631,1631.0,301.4,1,15.1,1
1632,1632.0,,3,15.1,1
1633,1633.0,,3,15.1,1
1634,1634.0,300.4,1,15.1,1
1635,1635.0,300.9,1,15.1,1
1636,1636.0,,3,15.1,1
1637,1637.0,,3,15.1,1
1638,1638.0,301.4,1,15.1,1
1639,1639.0,301.9,1,15.0,0
1640,1640.0,301.9,1,15.1,1
1641,1641.0,301.4,1,15.1,1
1642,1642.0,301.4,1,15.1,1
1643,1643.0,300.4,1,15.1,1
1644,1644.0,299.9,1,15.1,1
1645,1645.0,300.4,1,15.1,1
1646,1646.0,,3,15.1,1
1647,1647.0,,3,15.1,1
1648,1648.0,,3,15.1,1
1649,1649.0,301.9,1,15.1,1
1650,1650.0,301.9,1,15.1,1
1651,1651.0,301.4,1,15.1,1
1652,1652.0,,3,15.1,1
1653,1653.0,300.4,1,15.1,1
1654,1654.0,299.9,1,15.1,1
1655,1655.0,300.4,1,15.1,1
1656,1656.0,,3,15.1,1
1657,1657.0,,3,15.1,1
1658,1658.0,,3,15.1,1
1659,1659.0,301.4,1,15.1,1
1660,1660.0,301.4,1,15.1,1
1661,1661.0,300.9,1,15.1,1
1662,1662.0,,3,15.1,1
1663,1663.0,300.4,1,15.1,1
1664,1664.0,299.4,1,15.1,1
1665,1665.0,299.9,1,15.1,1
1666,1666.0,300.4,1,15.1,1
1667,1667.0,,3,15.1,1
1668,1668.0,,3,,3
1669,1669.0,301.4,1,15.1,1
1670,1670.0,301.4,1,15.1,1
1671,1671.0,,3,15.1,1
1672,1672.0,300.4,1,15.1,1
1673,1673.0,399.9,1,,3
1674,1674.0,,3,15.1,1
1675,1675.0,399.9,1,15.1,1
1676,1676.0,300.4,1,15.1,1
1677,1677.0,300.4,1,15.1,1
1678,1678.0,300.9,1,15.1,1
1679,1679.0,,3,15.1,1
1680,1680.0,301.4,1,15.1,1
1681,1681.0,300.4,1,15.1,1
1682,1682.0,300.4,1,15.1,1
1683,1683.0,299.9,1,15.1,1
1684,1684.0,,3,15.1,1
1685,1685.0,299.9,1,15.1,1
1686,1686.0,300.4,1,15.1,1
1687,1687.0,300.4,1,15.1,1
1688,1688.0,300.4,1,15.1,1
1689,1689.0,,3,15.1,1
1690,1690.0,,3,15.1,1
1691,1691.0,300.4,1,,3
1692,1692.0,300.4,1,15.1,1
1693,1693.0,299.9,1,,3
1694,1694.0,299.4,1,15.1,1
1695,1695.0,299.4,1,15.1,1
1696,1696.0,299.9,1,15.1,1
1697,1697.0,299.9,1,15.1,1
1698,1698.0,300.4,1,15.1,1
1699,1699.0,300.9,1,15.1,1
1700,1700.0,300.9,1,,3
1701,1701.0,300.4,1,15.1,1
1702,1702.0,299.9,1,,3
1703,1703.0,299.4,1,15.1,1
1704,1704.0,,3,15.1,1
1705,1705.0,,3,15.1,1
1706,1706.0,299.9,1,15.1,1
1707,1707.0,299.9,1,15.1,1
1708,1708.0,299.9,1,15.1,1
1709,1709.0,300.9,1,15.1,1
1710,1710.0,300.9,1,,3
1711,1711.0,299.9,1,15.1,1
1712,1712.0,299.9,1,,3
1713,1713.0,,3,15.1,1
1714,1714.0,,3,15.1,1
1715,1715.0,,3,15.1,1
1716,1716.0,,3,,3
1717,1717.0,,3,15.1,1
1718,1718.0,299.9,1,15.1,1
1719,1719.0,300.4,1,15.1,1
1720,1720.0,300.4,1,15.1,1
1721,1721.0,299.9,1,,3
1722,1722.0,,3,15.1,1
1723,1723.0,298.9,1,15.1,1
1724,1724.0,298.9,1,15.1,1
1725,1725.0,,3,15.1,1
1726,1726.0,,3,15.1,1
1727,1727.0,,3,15.1,1
1728,1728.0,299.9,1,15.1,1
1729,1729.0,300.4,1,15.1,1
1730,1730.0,300.4,1,15.1,1
1731,1731.0,299.9,1,15.1,1
1732,1732.0,,3,15.1,1
1733,1733.0,298.9,1,15.1,1
1734,1734.0,298.4,1,15.1,1
1735,1735.0,298.9,1,,3
1736,1736.0,,3,,3
1737,1737.0,,3,,3
1738,1738.0,,3,,3
1739,1739.0,299.9,1,,3
1740,1740.0,300.4,1,15.1,1
1741,1741.0,,3,,3
1742,1742.0,,3,,3
1743,1743.0,,3,,3
1744,1744.0,297.9,0,15.1,1
1745,1745.0,,3,,3
1746,1746.0,,3,15.1,1
1747,1747.0,,3,,3
1748,1748.0,299.4,1,15.1,1
1749,1749.0,299.9,1,,3
1750,1750.0,299.9,1,15.1,1
1751,1751.0,,3,,3
1752,1752.0,,3,,3
1753,1753.0,298.4,1,,3
1754,1754.0,297.9,0,,3
1755,1755.0,298.4,1,,3
1756,1756.0,,3,15.1,1
1757,1757.0,398.9,1,,3
1758,1758.0,,3,15.1,1
1759,1759.0,,3,15.1,1
1760,1760.0,299.9,1,,3
1761,1761.0,298.9,1,,3
1762,1762.0,398.9,1,,3
1763,1763.0,,3,,3
1764,1764.0,297.9,0,15.1,1
1765,1765.0,297.9,0,15.1,1
1766,1766.0,,3,15.1,1
1767,1767.0,398.9,1,15.1,1
1768,1768.0,398.9,1,,3
1769,1769.0,399.4,1,,3
1770,1770.0,399.4,1,,3
1771,1771.0,398.9,1,,3
1772,1772.0,398.9,1,15.1,1
1773,1773.0,297.9,1,15.1,1
1774,1774.0,297.9,0,,3
1775,1775.0,297.9,0,15.1,1
1776,1776.0,,3,15.1,1
1777,1777.0,,3,15.1,1
1778,1778.0,298.9,1,,3
1779,1779.0,,3,15.1,1
1780,1780.0,399.4,1,,3
1781,1781.0,,3,15.1,1
1782,1782.0,,3,15.1,1
1783,1783.0,297.9,0,15.2,1
1784,1784.0,297.4,0,15.2,1
1785,1785.0,297.9,0,15.2,1
1786,1786.0,,3,15.1,1
1787,1787.0,,3,15.1,1
1788,1788.0,,3,15.1,1
1789,1789.0,398.9,1,,3
1790,1790.0,399.4,1,15.1,1
1791,1791.0,298.4,1,15.1,1
1792,1792.0,297.9,1,15.1,1
1793,1793.0,297.4,0,15.1,1
1794,1794.0,297.4,0,,3
1795,1795.0,297.4,0,15.1,1
1796,1796.0,297.9,0,15.2,1
1797,1797.0,,3,15.1,1
1798,1798.0,,3,15.1,1
1799,1799.0,,3,15.1,1
1800,1800.0,398.9,1,15.1,1
1801,1801.0,,3,15.2,1
1802,1802.0,,3,15.2,1
1803,1803.0,297.4,0,15.2,1
1804,1804.0,296.9,1,15.2,1
1805,1805.0,297.4,0,15.2,1
1806,1806.0,297.9,1,15.2,1
1807,1807.0,297.9,1,15.2,1
1808,1808.0,,3,15.2,1
1809,1809.0,,3,15.2,1
1810,1810.0,,3,15.2,1
1811,1811.0,297.9,1,15.2,1
1812,1812.0,297.9,0,15.2,1
1813,1813.0,297.4,0,15.2,1
1814,1814.0,395.9,1,15.2,1
1815,1815.0,297.4,0,15.2,1
1816,1816.0,297.9,1,15.2,1
1817,1817.0,297.9,1,15.2,1
1818,1818.0,297.9,1,15.2,1
1819,1819.0,,3,15.2,1
1820,1820.0,,3,15.2,1
1821,1821.0,297.9,1,15.2,1
1822,1822.0,297.9,1,15.2,1
1823,1823.0,296.9,1,15.2,1
1824,1824.0,,3,15.2,1
1825,1825.0,390.9,1,15.2,1
1826,1826.0,297.4,0,15.2,1
1827,1827.0,297.4,0,15.2,1
1828,1828.0,297.9,1,15.2,1
1829,1829.0,,3,15.2,1
1830,1830.0,,3,15.2,1
1831,1831.0,297.9,1,15.2,1
1832,1832.0,297.4,0,15.2,1
1833,1833.0,390.9,1,15.2,1
1834,1834.0,296.4,1,15.2,1
1835,1835.0,296.9,1,15.2,1
1836,1836.0,297.4,0,15.2,1
1837,1837.0,297.4,0,15.2,1
1838,1838.0,297.4,0,15.2,1
1839,1839.0,297.9,1,15.2,1
1840,1840.0,298.4,1,15.2,1
1841,1841.0,297.4,0,15.2,1
1842,1842.0,297.4,0,15.2,1
1843,1843.0,390.9,1,15.2,1
1844,1844.0,296.4,1,15.2,1
1845,1845.0,296.4,1,15.2,1
1846,1846.0,,3,15.2,1
1847,1847.0,297.4,0,15.2,1
1848,1848.0,297.4,0,15.2,1
1849,1849.0,297.9,1,15.2,1
1850,1850.0,297.9,1,15.2,1
1851,1851.0,297.4,0,15.2,1
1852,1852.0,297.4,0,15.2,1
1853,1853.0,296.4,1,15.2,1
1854,1854.0,,3,15.2,1
1855,1855.0,296.4,1,15.2,1
1856,1856.0,,3,15.2,1
1857,1857.0,390.9,1,15.2,1
1858,1858.0,297.4,0,15.2,1
1859,1859.0,297.9,1,15.2,1
1860,1860.0,297.9,0,15.2,1
1861,1861.0,297.4,0,15.2,1
1862,1862.0,390.9,1,15.2,1
1863,1863.0,296.4,1,15.2,1
1864,1864.0,,3,15.2,1
1865,1865.0,296.4,1,15.2,1
1866,1866.0,390.9,1,15.2,1
1867,1867.0,390.9,1,15.2,1
1868,1868.0,,3,15.2,1
1869,1869.0,297.4,0,15.2,1
1870,1870.0,297.4,0,15.2,1
1871,1871.0,395.9,1,15.2,1
1872,1872.0,390.9,1,15.2,1
1873,1873.0,296.4,1,15.2,1
1874,1874.0,,3,15.2,1
1875,1875.0,296.4,1,15.2,1
1876,1876.0,296.4,1,15.2,1
1877,1877.0,390.9,1,15.2,1
1878,1878.0,390.9,1,15.2,1
1879,1879.0,297.4,0,15.2,1
1880,1880.0,297.4,0,15.2,1
1881,1881.0,390.9,1,15.2,1
1882,1882.0,300.9,1,15.2,1
1883,1883.0,,3,15.2,1
1884,1884.0,295.4,1,15.2,1
1885,1885.0,305.9,1,15.2,1
1886,1886.0,296.4,1,15.2,1
1887,1887.0,296.4,1,15.2,1
1888,1888.0,390.9,1,15.2,1
1889,1889.0,297.4,0,15.2,1
1890,1890.0,297.4,0,15.2,1
1891,1891.0,390.4,1,15.2,1
1892,1892.0,296.4,1,15.2,1
1893,1893.0,305.9,1,15.2,1
1894,1894.0,295.4,1,15.2,1
1895,1895.0,,3,15.2,1
1896,1896.0,296.4,1,15.2,1
1897,1897.0,296.4,1,15.2,1
1898,1898.0,296.4,1,15.2,1
1899,1899.0,390.9,1,15.2,1
1900,1900.0,390.9,1,15.2,1
1901,1901.0,390.4,1,15.2,1
1902,1902.0,296.4,1,15.2,1
1903,1903.0,295.4,1,15.2,1
1904,1904.0,295.4,1,15.2,1
1905,1905.0,295.4,1,15.2,1
1906,1906.0,,3,15.2,1
1907,1907.0,,3,15.2,1
1908,1908.0,296.4,1,15.2,1
1909,1909.0,300.9,1,15.2,1
1910,1910.0,390.9,1,15.2,1
1911,1911.0,305.9,1,15.2,1
1912,1912.0,305.9,1,15.2,1
1913,1913.0,295.4,1,15.2,1
1914,1914.0,294.9,1,15.2,1
1915,1915.0,295.4,1,15.2,1
1916,1916.0,,3,15.2,1
1917,1917.0,,3,15.2,1
1918,1918.0,,3,15.2,1
1919,1919.0,296.4,1,15.2,1
1920,1920.0,296.4,1,15.2,1
1921,1921.0,,3,15.2,1
1922,1922.0,,3,15.3,1
1923,1923.0,294.9,1,15.3,1
1924,1924.0,294.9,1,15.3,1
1925,1925.0,295.4,1,15.2,1
1926,1926.0,305.4,1,15.2,1
1927,1927.0,295.4,1,15.2,1
1928,1928.0,305.9,1,15.2,1
1929,1929.0,296.4,1,15.2,1
1930,1930.0,296.4,1,15.2,1
1931,1931.0,,3,15.2,1
1932,1932.0,,3,15.2,1
1933,1933.0,294.9,1,15.3,1
1934,1934.0,294.4,1,15.2,1
1935,1935.0,294.9,1,15.3,1
1936,1936.0,295.4,1,15.2,1
1937,1937.0,295.4,1,15.2,1
1938,1938.0,,3,15.3,1
1939,1939.0,,3,15.2,1
1940,1940.0,,3,15.3,1
1941,1941.0,295.4,1,15.3,1
1942,1942.0,295.4,1,15.3,1
1943,1943.0,294.9,1,15.3,1
1944,1944.0,294.4,1,15.3,1
1945,1945.0,294.9,1,15.2,1
1946,1946.0,295.4,1,15.3,1
1947,1947.0,295.4,1,15.3,1
1948,1948.0,295.4,1,15.3,1
1949,1949.0,,3,15.2,1
1950,1950.0,,3,15.3,1
1951,1951.0,295.4,1,15.3,1
1952,1952.0,294.9,1,15.3,1
1953,1953.0,294.4,1,15.3,1
1954,1954.0,293.9,1,15.3,1
1955,1955.0,294.4,1,15.3,1
1956,1956.0,294.9,1,15.3,1
1957,1957.0,294.9,1,15.3,1
1958,1958.0,295.4,1,15.3,1
1959,1959.0,305.9,1,15.3,1
1960,1960.0,,3,15.3,1
1961,1961.0,295.4,1,15.3,1
1962,1962.0,294.9,1,15.3,1
1963,1963.0,294.4,1,15.3,1
1964,1964.0,293.9,1,15.3,1
1965,1965.0,294.4,1,15.3,1
1966,1966.0,294.9,1,15.3,1
1967,1967.0,294.9,1,15.3,1
1968,1968.0,294.9,1,15.3,1
1969,1969.0,295.4,1,15.3,1
1970,1970.0,295.4,1,15.3,1
1971,1971.0,294.9,1,15.3,1
1972,1972.0,294.4,1,15.3,1
1973,1973.0,293.9,1,15.3,1
1974,1974.0,293.4,1,15.3,1
1975,1975.0,293.9,1,15.3,1
1976,1976.0,294.4,1,15.3,1
1977,1977.0,294.4,1,15.3,1
1978,1978.0,294.9,1,15.3,1
1979,1979.0,295.4,1,15.3,1
1980,1980.0,295.4,1,15.3,1
1981,1981.0,294.4,1,15.3,1
1982,1982.0,294.4,1,15.3,1
1983,1983.0,293.9,1,15.3,1
1984,1984.0,293.4,1,15.3,1
1985,1985.0,293.9,1,15.3,1
1986,1986.0,294.4,1,15.3,1
1987,1987.0,294.4,1,15.3,1
1988,1988.0,294.9,1,15.3,1
1989,1989.0,295.4,1,15.3,1
1990,1990.0,295.4,1,15.3,1
1991,1991.0,294.4,1,15.3,1
1992,1992.0,294.4,1,15.3,1
1993,1993.0,293.4,1,15.3,1
1994,1994.0,293.4,1,15.3,1
1995,1995.0,293.4,1,15.3,1
1996,1996.0,293.9,1,15.3,1
1997,1997.0,294.4,1,15.3,1
1998,1998.0,294.4,1,15.3,1
1999,1999.0,294.9,1,15.3,1
2000,2000.0,294.9,1,15.3,1
2001,2001.0,294.4,1,15.3,1
2002,2002.0,294.4,1,15.3,1
2003,2003.0,295.9,1,15.3,1
2004,2004.0,293.4,1,15.3,1
2005,2005.0,395.9,1,15.3,1
2006,2006.0,294.4,1,15.3,1
2007,2007.0,294.4,1,15.3,1
2008,2008.0,294.4,1,15.3,1
2009,2009.0,294.9,1,15.3,1
2010,2010.0,294.9,1,15.3,1
2011,2011.0,294.4,1,15.3,1
2012,2012.0,293.9,1,15.3,1
2013,2013.0,293.4,1,15.3,1
2014,2014.0,292.9,1,15.3,1
2015,2015.0,293.4,1,15.3,1
2016,2016.0,293.9,1,15.3,1
2017,2017.0,293.9,1,15.3,1
2018,2018.0,294.4,1,15.3,1
2019,2019.0,294.9,1,15.3,1
2020,2020.0,294.4,1,15.3,1
2021,2021.0,293.9,1,15.3,1
2022,2022.0,293.9,1,15.3,1
2023,2023.0,292.9,1,15.3,1
2024,2024.0,292.4,1,15.3,1
2025,2025.0,293.4,1,15.3,1
2026,2026.0,293.9,1,15.3,1
2027,2027.0,293.9,1,15.3,1
2028,2028.0,298.9,1,15.3,1
2029,2029.0,294.4,1,15.3,1
2030,2030.0,294.4,1,15.3,1
2031,2031.0,293.9,1,15.3,1
2032,2032.0,293.4,1,15.3,1
2033,2033.0,292.9,1,15.3,1
2034,2034.0,292.4,1,15.3,1
2035,2035.0,292.9,1,15.3,1
2036,2036.0,293.4,1,15.3,1
2037,2037.0,293.4,1,15.3,1
2038,2038.0,293.9,1,15.3,1
2039,2039.0,294.4,1,15.3,1
2040,2040.0,294.4,1,15.3,1
2041,2041.0,293.4,1,15.3,1
2042,2042.0,293.4,1,15.3,1
2043,2043.0,292.9,1,15.3,1
2044,2044.0,292.4,1,15.3,1
2045,2045.0,292.9,1,15.3,1
2046,2046.0,293.4,1,15.3,1
2047,2047.0,293.4,1,15.3,1
2048,2048.0,293.9,1,15.3,1
2049,2049.0,294.4,1,15.3,1
2050,2050.0,293.9,1,15.3,1
2051,2051.0,293.4,1,15.3,1
2052,2052.0,293.4,1,15.3,1
2053,2053.0,292.4,1,15.3,1
2054,2054.0,292.4,1,15.3,1
2055,2055.0,292.4,1,15.3,1
2056,2056.0,292.9,1,15.3,1
2057,2057.0,293.4,1,15.3,1
2058,2058.0,293.9,1,15.3,1
2059,2059.0,293.9,1,15.3,1
2060,2060.0,293.9,1,15.3,1
2061,2061.0,293.4,1,15.3,1
2062,2062.0,292.9,1,15.3,1
2063,2063.0,292.4,1,15.3,1
2064,2064.0,291.9,1,15.3,1
2065,2065.0,292.4,1,15.3,1
2066,2066.0,292.9,1,15.3,1
2067,2067.0,292.9,1,15.3,1
2068,2068.0,293.4,1,15.3,1
2069,2069.0,293.9,1,15.3,1
2070,2070.0,293.9,1,15.3,1
2071,2071.0,292.9,1,15.3,1
2072,2072.0,292.9,1,15.3,1
2073,2073.0,291.9,1,15.3,1
2074,2074.0,291.9,1,15.3,1
2075,2075.0,292.4,0,15.3,1
2076,2076.0,292.4,1,15.3,1
2077,2077.0,292.9,1,15.3,1
2078,2078.0,292.9,1,15.3,1
2079,2079.0,293.4,1,15.3,1
2080,2080.0,293.4,1,15.3,1
2081,2081.0,292.9,1,15.3,1
2082,2082.0,292.9,1,15.3,1
2083,2083.0,291.9,1,15.3,1
2084,2084.0,291.9,1,15.3,1
2085,2085.0,292.4,0,15.3,1
2086,2086.0,292.4,1,15.3,1
2087,2087.0,292.9,1,15.3,1
2088,2088.0,292.9,1,15.3,1
2089,2089.0,293.4,1,15.3,1
2090,2090.0,293.4,1,15.3,1
2091,2091.0,292.9,1,15.3,1
2092,2092.0,292.4,1,15.3,1
2093,2093.0,291.9,1,15.3,1
2094,2094.0,291.4,1,15.3,1
2095,2095.0,291.9,1,15.3,1
2096,2096.0,292.4,1,15.3,1
2097,2097.0,292.4,1,15.3,1
2098,2098.0,292.9,1,15.3,1
2099,2099.0,293.4,1,15.3,1
2100,2100.0,293.4,1,15.3,1
2101,2101.0,292.4,1,15.3,1
2102,2102.0,292.4,1,15.3,1
2103,2103.0,291.4,1,15.3,1
2104,2104.0,291.4,1,15.3,1
2105,2105.0,291.9,1,15.3,1
2106,2106.0,292.4,1,15.3,1
2107,2107.0,292.4,1,15.3,1
2108,2108.0,292.4,1,15.3,1
2109,2109.0,292.9,1,15.3,1
2110,2110.0,292.9,1,15.3,1
2111,2111.0,292.4,1,15.4,1
2112,2112.0,291.9,1,15.4,1
2113,2113.0,291.4,1,15.4,1
2114,2114.0,291.4,1,15.4,1
2115,2115.0,291.4,1,15.4,1
2116,2116.0,291.9,1,15.4,1
2117,2117.0,292.4,1,15.4,1
2118,2118.0,292.4,1,15.4,1
2119,2119.0,292.9,1,15.4,1
2120,2120.0,292.9,1,15.4,1
2121,2121.0,291.9,1,15.4,1
2122,2122.0,291.9,1,15.4,1
2123,2123.0,291.4,1,15.4,1
2124,2124.0,,3,15.4,1
2125,2125.0,291.4,1,15.4,1
2126,2126.0,291.9,1,15.4,1
2127,2127.0,291.9,1,15.4,1
2128,2128.0,292.4,1,15.4,1
2129,2129.0,292.9,1,15.4,1
2130,2130.0,292.4,1,15.4,1
2131,2131.0,291.9,1,15.4,1
2132,2132.0,291.4,1,15.4,1
2133,2133.0,,3,15.4,1
2134,2134.0,,3,15.4,1
2135,2135.0,,3,15.4,1
2136,2136.0,291.4,1,15.4,1
2137,2137.0,291.9,1,15.4,1
2138,2138.0,291.9,0,15.4,1
2139,2139.0,292.4,0,15.4,1
2140,2140.0,292.4,0,15.4,1
2141,2141.0,,3,15.4,1
2142,2142.0,291.4,1,15.4,1
2143,2143.0,,3,15.4,1
2144,2144.0,,3,15.4,1
2145,2145.0,,3,15.4,1
2146,2146.0,291.4,1,15.4,1
2147,2147.0,291.4,1,15.4,1
2148,2148.0,291.9,1,15.4,1
2149,2149.0,292.4,1,15.4,1
2150,2150.0,292.4,1,15.4,1
2151,2151.0,291.4,1,15.4,1
2152,2152.0,291.4,1,15.4,1
2153,2153.0,,3,15.4,1
2154,2154.0,,3,15.4,1
2155,2155.0,,3,15.4,1
2156,2156.0,291.4,1,15.4,1
2157,2157.0,291.4,1,15.4,1
2158,2158.0,291.9,1,15.4,1
2159,2159.0,292.4,1,15.4,1
2160,2160.0,291.9,1,15.4,1
2161,2161.0,291.4,1,15.4,1
2162,2162.0,291.4,1,15.4,1
2163,2163.0,390.4,1,15.4,1
2164,2164.0,,3,15.4,1
2165,2165.0,290.4,1,15.4,1
2166,2166.0,,3,15.4,1
2167,2167.0,,3,15.4,1
2168,2168.0,291.4,1,15.4,1
2169,2169.0,291.9,1,15.4,1
2170,2170.0,291.9,1,15.4,1
2171,2171.0,,3,15.4,1
2172,2172.0,,3,15.4,1
2173,2173.0,289.9,1,15.4,1
2174,2174.0,289.9,1,15.4,1
2175,2175.0,290.4,1,15.4,1
2176,2176.0,,3,15.4,1
2177,2177.0,,3,15.4,1
2178,2178.0,291.4,1,15.4,1
2179,2179.0,291.9,1,15.4,1
2180,2180.0,,3,15.4,1
2181,2181.0,,3,15.4,1
2182,2182.0,290.9,1,15.4,1
2183,2183.0,289.9,1,15.4,1
2184,2184.0,289.9,1,15.4,1
2185,2185.0,390.4,1,15.4,1
2186,2186.0,390.4,1,15.4,1
2187,2187.0,,3,15.4,1
2188,2188.0,,3,15.4,1
2189,2189.0,291.4,1,15.4,1
2190,2190.0,291.4,1,15.4,1
2191,2191.0,,3,15.4,1
2192,2192.0,290.4,1,15.4,1
2193,2193.0,289.9,1,15.4,1
2194,2194.0,289.9,1,15.4,1
2195,2195.0,289.9,1,15.4,1
2196,2196.0,,3,15.4,1
2197,2197.0,,3,15.4,1
2198,2198.0,,3,15.4,1
2199,2199.0,291.4,1,15.4,1
2200,2200.0,291.4,1,15.4,1
2201,2201.0,290.4,1,15.4,1
2202,2202.0,290.4,1,15.4,1
2203,2203.0,289.9,1,15.4,1
2204,2204.0,289.4,1,15.4,1
2205,2205.0,289.9,1,15.4,1
2206,2206.0,390.4,1,15.4,1
2207,2207.0,390.4,1,15.4,1
2208,2208.0,,3,15.4,1
2209,2209.0,291.4,1,15.4,1
2210,2210.0,,3,15.4,1
2211,2211.0,390.4,1,15.4,1
2212,2212.0,290.4,1,15.4,1
2213,2213.0,289.4,1,15.4,1
2214,2214.0,289.4,1,15.4,1
2215,2215.0,289.9,1,15.4,1
2216,2216.0,290.4,1,15.4,1
2217,2217.0,290.4,1,15.4,1
2218,2218.0,,3,15.4,1
2219,2219.0,,3,15.4,1
2220,2220.0,,3,15.4,1
2221,2221.0,289.9,1,15.4,1
2222,2222.0,289.9,1,15.4,1
2223,2223.0,289.4,1,15.4,1
2224,2224.0,289.4,1,15.4,1
2225,2225.0,289.9,1,15.4,1
2226,2226.0,289.9,1,15.4,1
2227,2227.0,289.9,1,15.4,1
2228,2228.0,290.9,1,15.4,1
2229,2229.0,,3,15.4,1
2230,2230.0,290.9,1,15.4,1
2231,2231.0,289.9,1,15.5,1
2232,2232.0,289.9,1,15.4,1
2233,2233.0,388.9,1,15.4,1
2234,2234.0,,3,15.4,1
2235,2235.0,289.4,1,15.4,1
2236,2236.0,289.9,1,15.4,1
2237,2237.0,289.9,1,15.4,1
2238,2238.0,,3,15.4,1
2239,2239.0,,3,15.4,1
2240,2240.0,290.4,1,15.4,1
2241,2241.0,289.9,1,15.4,1
2242,2242.0,289.9,1,15.4,1
2243,2243.0,388.9,1,15.4,1
2244,2244.0,388.9,1,15.4,1
2245,2245.0,289.4,1,15.8,1
2246,2246.0,289.4,1,15.4,1
2247,2247.0,289.9,1,15.5,1
2248,2248.0,280.9,1,15.4,1
2249,2249.0,,3,15.4,1
2250,2250.0,290.4,1,15.4,1
2251,2251.0,289.9,1,15.5,1
2252,2252.0,289.4,1,15.5,1
2253,2253.0,,3,15.5,1
2254,2254.0,,3,15.5,1
2255,2255.0,289.4,1,15.5,1
2256,2256.0,289.4,1,15.5,1
2257,2257.0,289.4,1,15.5,1
2258,2258.0,289.9,1,15.6,1
2259,2259.0,390.4,1,15.0,1
2260,2260.0,290.4,1,15.5,1
2261,2261.0,289.4,1,15.5,1
2262,2262.0,289.4,1,15.5,1
2263,2263.0,288.9,1,15.5,1
2264,2264.0,,3,15.5,1
2265,2265.0,,3,15.5,1
2266,2266.0,289.4,1,15.5,1
2267,2267.0,289.4,1,15.5,1
2268,2268.0,289.9,1,15.5,1
2269,2269.0,,3,15.5,1
2270,2270.0,289.9,1,15.5,1
2271,2271.0,288.9,1,15.5,1
2272,2272.0,,3,15.5,1
2273,2273.0,,3,15.5,1
2274,2274.0,,3,15.5,1
2275,2275.0,,3,15.5,1
2276,2276.0,289.9,1,15.5,1
2277,2277.0,289.4,1,15.5,1
2278,2278.0,289.9,1,15.5,1
2279,2279.0,289.9,1,15.5,1
2280,2280.0,289.9,1,15.5,1
2281,2281.0,289.4,1,15.5,1
2282,2282.0,,3,15.5,1
2283,2283.0,,3,15.5,1
2284,2284.0,,3,15.5,1
2285,2285.0,288.9,1,15.5,1
2286,2286.0,,3,15.5,1
2287,2287.0,,3,15.5,1
2288,2288.0,389.4,1,15.5,1
2289,2289.0,389.9,1,15.5,1
2290,2290.0,289.4,1,15.5,1
2291,2291.0,388.9,1,15.5,1
2292,2292.0,288.9,1,15.5,1
2293,2293.0,287.9,0,15.5,1
2294,2294.0,287.9,0,15.5,1
2295,2295.0,,3,15.5,1
2296,2296.0,,3,15.5,1
2297,2297.0,,3,15.5,1
2298,2298.0,289.4,1,15.5,1
2299,2299.0,289.9,1,15.5,1
2300,2300.0,289.4,1,15.5,1
2301,2301.0,388.9,1,15.5,1
2302,2302.0,,3,15.5,1
2303,2303.0,287.9,0,15.5,1
2304,2304.0,287.9,0,15.5,1
2305,2305.0,,3,15.5,1
2306,2306.0,,3,15.5,1
2307,2307.0,,3,15.5,1
2308,2308.0,289.9,1,15.5,1
2309,2309.0,289.4,1,15.5,1
2310,2310.0,288.9,1,15.5,1
2311,2311.0,,3,15.5,1
2312,2312.0,288.4,1,15.52,1
2313,2313.0,287.9,0,15.5,1
2314,2314.0,287.4,0,15.5,1
2315,2315.0,288.4,1,15.5,1
2316,2316.0,,3,15.5,1
2317,2317.0,,3,15.5,1
2318,2318.0,,3,15.5,1
2319,2319.0,289.4,1,15.52,1
2320,2320.0,,3,15.5,1
2321,2321.0,,3,15.5,1
2322,2322.0,,3,15.5,1
2323,2323.0,287.4,0,15.5,1
2324,2324.0,287.4,0,15.5,1
2325,2325.0,288.4,1,15.5,1
2326,2326.0,288.4,1,15.5,1
2327,2327.0,388.4,1,15.5,1
2328,2328.0,,3,15.5,1
2329,2329.0,289.4,1,15.5,1
2330,2330.0,,3,15.5,1
2331,2331.0,,3,15.5,1
2332,2332.0,,3,15.5,1
2333,2333.0,287.4,0,15.5,1
2334,2334.0,287.4,0,15.5,1
2335,2335.0,287.9,0,15.5,1
2336,2336.0,288.9,1,15.5,1
2337,2337.0,,3,15.5,1
2338,2338.0,388.9,1,15.5,1
2339,2339.0,388.9,1,15.5,1
2340,2340.0,388.4,1,15.5,1
2341,2341.0,287.9,0,15.5,1
2342,2342.0,287.9,0,15.5,1
2343,2343.0,380.9,1,15.5,1
2344,2344.0,380.9,1,15.5,1
2345,2345.0,287.9,0,15.5,1
2346,2346.0,287.9,0,15.5,1
2347,2347.0,287.9,0,15.5,1
2348,2348.0,,3,15.5,1
2349,2349.0,,3,15.5,1
2350,2350.0,,3,15.5,1
2351,2351.0,287.4,0,15.5,1
2352,2352.0,287.4,0,15.5,1
2353,2353.0,380.9,1,15.5,1
2354,2354.0,380.9,1,15.5,1
2355,2355.0,287.4,1,15.5,1
2356,2356.0,287.9,0,15.5,1
2357,2357.0,287.9,0,15.5,1
2358,2358.0,,3,15.5,1
2359,2359.0,288.4,1,15.5,1
2360,2360.0,,3,15.5,1
2361,2361.0,287.4,0,15.5,1
2362,2362.0,287.4,0,15.5,1
2363,2363.0,386.9,1,15.5,1
2364,2364.0,386.9,1,15.5,1
2365,2365.0,287.4,0,15.5,1
2366,2366.0,287.4,0,15.5,1
2367,2367.0,287.4,0,15.5,1
2368,2368.0,288.4,1,15.5,1
2369,2369.0,,3,15.5,1
2370,2370.0,287.9,0,15.5,1
2371,2371.0,287.4,0,15.5,1
2372,2372.0,380.9,1,15.5,1
2373,2373.0,286.4,1,15.5,1
2374,2374.0,286.4,1,15.5,1
2375,2375.0,380.9,1,15.5,1
2376,2376.0,287.4,0,15.5,1
2377,2377.0,287.4,0,15.5,1
2378,2378.0,287.9,0,15.5,1
2379,2379.0,288.4,1,15.5,1
2380,2380.0,287.9,0,15.5,1
2381,2381.0,386.9,1,15.5,1
2382,2382.0,380.9,1,15.5,1
2383,2383.0,286.4,1,15.5,1
2384,2384.0,286.4,1,15.5,1
2385,2385.0,380.9,1,15.5,1
2386,2386.0,287.4,0,15.5,1
2387,2387.0,287.4,0,15.5,1
2388,2388.0,287.9,0,15.5,1
2389,2389.0,287.9,0,15.5,1
2390,2390.0,287.4,0,15.5,1
2391,2391.0,380.9,1,15.5,1
2392,2392.0,380.9,1,15.5,1
2393,2393.0,286.4,1,15.5,1
2394,2394.0,286.4,1,15.6,1
2395,2395.0,380.9,1,15.5,1
2396,2396.0,380.9,1,15.5,1
2397,2397.0,380.9,1,15.5,1
2398,2398.0,287.9,0,15.6,1
2399,2399.0,287.9,0,15.6,1
2400,2400.0,287.4,0,15.5,1
2401,2401.0,386.9,1,15.5,1
2402,2402.0,386.4,1,15.5,1
2403,2403.0,385.9,1,15.5,1
2404,2404.0,385.9,1,15.6,1
2405,2405.0,286.4,1,15.6,1
2406,2406.0,380.9,1,15.6,1
2407,2407.0,380.9,1,15.5,1
2408,2408.0,287.4,0,15.5,1
2409,2409.0,287.4,0,15.5,1
2410,2410.0,287.4,0,15.5,1
2411,2411.0,380.9,1,15.5,1
2412,2412.0,386.4,1,15.5,1
2413,2413.0,385.9,1,15.6,1
2414,2414.0,385.9,1,15.6,1
2415,2415.0,286.4,1,15.6,1
2416,2416.0,286.4,1,15.5,1
2417,2417.0,380.9,1,15.5,1
2418,2418.0,287.4,0,15.5,1
2419,2419.0,287.4,0,15.5,1
2420,2420.0,380.9,1,15.5,1
2421,2421.0,386.4,1,15.6,1
2422,2422.0,380.4,1,15.6,1
2423,2423.0,,3,15.6,1
2424,2424.0,,3,15.6,1
2425,2425.0,286.4,1,15.6,1
2426,2426.0,286.4,1,15.5,1
2427,2427.0,286.4,1,15.5,1
2428,2428.0,380.9,1,15.6,1
2429,2429.0,287.4,0,15.5,1
2430,2430.0,380.9,1,15.6,1
2431,2431.0,386.4,1,15.6,1
2432,2432.0,285.9,1,15.6,1
2433,2433.0,,3,15.6,1
2434,2434.0,,3,15.6,1
2435,2435.0,385.9,1,15.6,1
2436,2436.0,286.4,1,15.6,1
2437,2437.0,286.4,1,15.6,1
2438,2438.0,380.9,1,15.6,1
2439,2439.0,386.9,1,15.6,1
2440,2440.0,380.9,1,15.6,1
2441,2441.0,386.4,1,15.6,1
2442,2442.0,,3,15.6,1
2443,2443.0,,3,15.6,1
2444,2444.0,,3,15.6,1
2445,2445.0,385.9,1,15.6,1
2446,2446.0,,3,15.6,1
2447,2447.0,286.4,1,15.6,1
2448,2448.0,286.9,1,15.6,1
2449,2449.0,386.9,1,15.6,1
2450,2450.0,386.4,1,15.6,1
2451,2451.0,385.9,1,15.6,1
2452,2452.0,,3,15.6,1
2453,2453.0,284.9,1,15.6,1
2454,2454.0,284.9,1,15.6,1
2455,2455.0,285.9,1,15.6,1
2456,2456.0,,3,15.6,1
2457,2457.0,385.9,1,15.6,1
2458,2458.0,286.4,1,15.6,1
2459,2459.0,380.9,1,15.6,1
2460,2460.0,286.4,1,15.6,1
2461,2461.0,385.9,1,15.6,1
2462,2462.0,385.4,1,15.6,1
2463,2463.0,284.9,1,15.6,1
2464,2464.0,284.9,1,15.6,1
2465,2465.0,385.4,1,15.6,1
2466,2466.0,,3,15.6,1
2467,2467.0,385.9,1,15.6,1
2468,2468.0,286.4,1,15.6,1
2469,2469.0,286.4,1,15.6,1
2470,2470.0,285.9,1,15.6,1
2471,2471.0,,3,15.6,1
2472,2472.0,,3,15.6,1
2473,2473.0,284.9,1,15.6,1
2474,2474.0,284.4,1,15.6,1
2475,2475.0,285.4,1,15.6,1
2476,2476.0,,3,15.6,1
2477,2477.0,385.4,1,15.6,1
2478,2478.0,385.0,1,15.6,1
2479,2479.0,286.4,1,15.6,1
2480,2480.0,385.0,1,15.6,1
2481,2481.0,,3,15.6,1
2482,2482.0,284.9,0,15.6,1
2483,2483.0,284.4,1,15.6,1
2484,2484.0,284.4,1,15.6,1
2485,2485.0,284.9,1,15.6,1
2486,2486.0,,3,15.6,1
2487,2487.0,385.4,1,15.6,1
2488,2488.0,385.9,1,15.6,1
2489,2489.0,385.9,1,15.6,1
2490,2490.0,,3,15.6,1
2491,2491.0,284.9,1,15.6,1
2492,2492.0,284.9,1,15.6,1
2493,2493.0,284.4,1,15.6,1
2494,2494.0,284.4,1,15.6,1
2495,2495.0,284.9,1,15.6,1
2496,2496.0,,3,15.6,1
2497,2497.0,285.4,1,15.6,1
2498,2498.0,285.9,1,15.6,1
2499,2499.0,385.9,1,15.6,1
2500,2500.0,,3,15.6,1
2501,2501.0,284.9,1,15.6,1
2502,2502.0,284.9,1,15.6,1
2503,2503.0,283.9,1,15.6,1
2504,2504.0,283.9,1,15.6,1
2505,2505.0,284.4,1,15.6,1
2506,2506.0,284.9,1,15.6,1
2507,2507.0,,3,15.6,1
2508,2508.0,,3,15.6,1
2509,2509.0,385.9,1,15.6,1
2510,2510.0,,3,15.6,1
2511,2511.0,284.9,1,15.6,1
2512,2512.0,284.4,1,15.6,1
2513,2513.0,283.9,1,15.6,1
2514,2514.0,283.9,1,15.6,1
2515,2515.0,284.4,1,15.6,1
2516,2516.0,,3,15.6,1
2517,2517.0,284.9,1,15.6,1
2518,2518.0,,3,15.6,1
2519,2519.0,,3,15.6,1
2520,2520.0,385.4,1,15.6,1
2521,2521.0,284.4,1,15.6,1
2522,2522.0,284.4,1,15.6,1
2523,2523.0,283.9,1,15.6,1
2524,2524.0,283.4,1,15.6,1
2525,2525.0,284.4,1,15.6,1
2526,2526.0,284.4,1,15.6,1
2527,2527.0,284.9,1,15.6,1
2528,2528.0,285.4,1,15.6,1
2529,2529.0,385.4,1,15.6,1
2530,2530.0,284.9,1,15.6,1
2531,2531.0,284.4,1,15.6,1
2532,2532.0,284.4,1,15.6,1
2533,2533.0,283.4,1,15.6,1
2534,2534.0,283.4,1,15.6,1
2535,2535.0,284.4,1,15.6,1
2536,2536.0,284.4,1,15.6,1
2537,2537.0,284.4,1,15.6,1
2538,2538.0,284.9,1,15.6,1
2539,2539.0,,3,15.6,1
2540,2540.0,284.9,1,15.6,1
2541,2541.0,284.4,1,15.6,1
2542,2542.0,284.4,1,15.6,1
2543,2543.0,283.4,1,15.6,1
2544,2544.0,283.4,1,15.6,1
2545,2545.0,283.9,1,15.6,1
2546,2546.0,284.4,1,15.6,1
2547,2547.0,284.4,1,15.6,1
2548,2548.0,284.9,1,15.6,1
2549,2549.0,284.9,1,15.7,1
2550,2550.0,284.4,1,15.7,1
2551,2551.0,283.9,1,15.6,1
2552,2552.0,283.9,1,15.6,1
2553,2553.0,283.4,1,15.6,1
2554,2554.0,283.4,1,15.7,1
2555,2555.0,283.9,1,15.7,1
2556,2556.0,385.9,1,15.7,1
2557,2557.0,284.4,1,15.7,1
2558,2558.0,284.9,1,15.7,1
2559,2559.0,,3,15.7,1
2560,2560.0,284.4,1,15.7,1
2561,2561.0,283.9,1,15.6,1
2562,2562.0,283.9,1,15.7,1
2563,2563.0,382.9,1,15.7,1
2564,2564.0,382.9,1,15.7,1
2565,2565.0,283.9,1,15.7,1
2566,2566.0,283.9,1,15.7,1
2567,2567.0,283.9,1,15.7,1
2568,2568.0,284.4,1,15.7,1
2569,2569.0,284.4,1,15.7,1
2570,2570.0,284.4,1,15.7,1
2571,2571.0,283.4,1,15.7,1
2572,2572.0,283.4,1,15.7,1
2573,2573.0,282.9,1,15.7,1
2574,2574.0,282.9,1,15.7,1
2575,2575.0,283.4,1,15.7,1
2576,2576.0,283.4,1,15.7,1
2577,2577.0,283.9,1,15.7,1
2578,2578.0,284.4,1,15.7,1
2579,2579.0,284.4,1,15.7,1
2580,2580.0,283.9,1,15.7,1
2581,2581.0,283.4,1,15.7,1
2582,2582.0,283.4,1,15.7,1
2583,2583.0,282.4,0,15.7,1
2584,2584.0,282.4,0,15.7,1
2585,2585.0,283.4,1,15.7,1
2586,2586.0,283.4,1,15.7,1
2587,2587.0,283.4,1,15.7,1
2588,2588.0,284.4,1,15.7,1
2589,2589.0,284.4,1,15.7,1
2590,2590.0,283.9,1,15.7,1
2591,2591.0,283.4,1,15.7,1
2592,2592.0,282.9,1,15.7,1
2593,2593.0,282.4,0,15.7,1
2594,2594.0,282.4,0,15.7,1
2595,2595.0,282.9,1,15.7,1
2596,2596.0,283.4,1,15.7,1
2597,2597.0,283.4,1,15.7,1
2598,2598.0,283.9,1,15.7,1
2599,2599.0,385.9,1,15.7,1
2600,2600.0,283.9,1,15.7,1
2601,2601.0,282.9,1,15.7,1
2602,2602.0,282.9,1,15.7,1
2603,2603.0,282.4,0,15.7,1
2604,2604.0,282.4,1,15.7,1
2605,2605.0,282.9,1,15.7,1
2606,2606.0,282.9,1,15.7,1
2607,2607.0,283.4,1,15.7,1
2608,2608.0,385.9,1,15.7,1
2609,2609.0,385.9,1,15.7,1
2610,2610.0,385.4,1,15.7,1
2611,2611.0,382.9,1,15.7,1
2612,2612.0,282.9,1,15.7,1
2613,2613.0,281.9,1,15.7,1
2614,2614.0,282.4,0,15.7,1
2615,2615.0,282.9,1,15.7,1
2616,2616.0,282.9,1,15.7,1
2617,2617.0,282.9,1,15.7,1
2618,2618.0,283.9,1,15.7,1
2619,2619.0,283.9,1,15.7,1
2620,2620.0,283.4,1,15.7,1
2621,2621.0,282.9,1,15.7,1
2622,2622.0,282.9,1,15.7,1
2623,2623.0,281.9,1,15.7,1
2624,2624.0,281.9,1,15.7,1
2625,2625.0,282.9,1,15.7,1
2626,2626.0,282.9,1,15.7,1
2627,2627.0,282.9,1,15.7,1
2628,2628.0,283.4,1,15.7,1
2629,2629.0,283.4,1,15.7,1
2630,2630.0,282.9,1,15.7,1
2631,2631.0,282.4,0,15.7,1
2632,2632.0,282.4,0,15.7,1
2633,2633.0,281.9,1,15.7,1
2634,2634.0,281.9,1,15.7,1
2635,2635.0,282.4,0,15.7,1
2636,2636.0,282.9,1,15.7,1
2637,2637.0,382.9,1,15.7,1
2638,2638.0,385.4,1,15.7,1
2639,2639.0,283.4,1,15.7,1
2640,2640.0,382.9,1,15.7,1
2641,2641.0,282.4,0,15.7,1
2642,2642.0,282.4,0,15.7,1
2643,2643.0,281.9,1,15.7,1
2644,2644.0,281.9,1,15.7,1
2645,2645.0,282.4,0,15.7,1
2646,2646.0,282.4,0,15.7,1
2647,2647.0,282.9,1,15.7,1
2648,2648.0,283.4,1,15.7,1
2649,2649.0,283.4,1,15.7,1
2650,2650.0,282.9,1,15.7,1
2651,2651.0,282.4,0,15.7,1
2652,2652.0,281.9,1,15.7,1
2653,2653.0,281.4,1,15.7,1
2654,2654.0,281.9,1,15.7,1
2655,2655.0,282.4,0,15.7,1
2656,2656.0,282.4,0,15.7,1
2657,2657.0,282.4,0,15.7,1
2658,2658.0,282.9,1,15.7,1
2659,2659.0,282.9,1,15.7,1
2660,2660.0,282.4,0,15.7,1
2661,2661.0,281.9,1,15.7,1
2662,2662.0,281.9,1,15.7,1
2663,2663.0,281.4,1,15.7,1
2664,2664.0,281.4,1,15.7,1
2665,2665.0,281.9,1,15.7,1
2666,2666.0,282.4,0,15.7,1
2667,2667.0,282.4,1,15.7,1
2668,2668.0,282.9,1,15.7,1
2669,2669.0,282.9,1,15.7,1
2670,2670.0,282.4,0,15.7,1
2671,2671.0,281.9,1,15.7,1
2672,2672.0,281.9,1,15.7,1
2673,2673.0,281.4,1,15.7,1
2674,2674.0,281.4,1,15.7,1
2675,2675.0,281.9,1,15.7,1
2676,2676.0,281.9,1,15.7,1
2677,2677.0,282.4,0,15.7,1
2678,2678.0,282.9,1,15.7,1
2679,2679.0,282.9,1,15.7,1
2680,2680.0,282.4,0,15.7,1
2681,2681.0,281.4,1,15.7,1
2682,2682.0,281.4,1,15.7,1
2683,2683.0,,3,15.7,1
2684,2684.0,281.4,1,15.7,1
2685,2685.0,281.9,1,15.7,1
2686,2686.0,281.9,1,15.7,1
2687,2687.0,281.9,1,15.7,1
2688,2688.0,282.4,0,15.7,1
2689,2689.0,282.9,1,15.7,1
2690,2690.0,281.9,0,15.7,1
2691,2691.0,281.4,1,15.7,1
2692,2692.0,281.4,1,15.7,1
2693,2693.0,,3,15.7,1
2694,2694.0,,3,15.7,1
2695,2695.0,281.4,1,15.7,1
2696,2696.0,281.9,1,15.7,1
2697,2697.0,281.9,1,15.7,1
2698,2698.0,282.4,0,15.7,1
2699,2699.0,282.4,0,15.7,1
2700,2700.0,281.9,1,15.7,1
2701,2701.0,281.9,0,15.7,1
2702,2702.0,281.4,1,15.7,1
2703,2703.0,,3,15.7,1
2704,2704.0,,3,15.7,1
2705,2705.0,281.4,1,15.7,1
2706,2706.0,281.9,1,15.7,1
2707,2707.0,281.9,1,15.7,1
2708,2708.0,282.4,1,15.7,1
2709,2709.0,282.4,0,15.7,1
2710,2710.0,281.9,1,15.7,1
2711,2711.0,281.4,1,15.7,1
2712,2712.0,281.4,1,15.7,1
2713,2713.0,,3,15.7,1
2714,2714.0,,3,15.7,1
2715,2715.0,281.4,1,15.7,1
2716,2716.0,281.4,1,15.7,1
2717,2717.0,281.4,1,15.7,1
2718,2718.0,282.4,0,15.7,1
2719,2719.0,282.4,0,15.7,1
2720,2720.0,281.9,1,15.85,0
2721,2721.0,281.4,1,15.7,1
2722,2722.0,281.4,1,15.7,1
2723,2723.0,,3,15.7,1
2724,2724.0,280.4,1,15.7,1
2725,2725.0,281.4,1,15.7,1
2726,2726.0,281.4,1,15.7,1
2727,2727.0,281.4,1,15.7,1
2728,2728.0,281.9,1,15.7,1
2729,2729.0,281.9,1,15.7,1
2730,2730.0,281.4,1,15.7,1
2731,2731.0,,3,15.7,1
2732,2732.0,,3,15.8,0
2733,2733.0,280.4,1,15.85,0
2734,2734.0,280.4,1,15.8,0
2735,2735.0,,3,15.7,1
2736,2736.0,281.4,1,15.8,0
2737,2737.0,281.4,1,15.85,0
2738,2738.0,281.9,1,15.85,0
2739,2739.0,281.9,1,15.8,0
2740,2740.0,281.4,1,15.85,0
2741,2741.0,,3,15.8,0
2742,2742.0,,3,15.7,1
2743,2743.0,280.4,1,15.8,0
2744,2744.0,280.4,1,15.8,0
2745,2745.0,,3,15.85,0
2746,2746.0,,3,15.8,0
2747,2747.0,281.4,1,15.8,0
2748,2748.0,281.4,1,15.8,0
2749,2749.0,281.9,0,15.85,0
2750,2750.0,281.4,1,15.7,1
2751,2751.0,280.4,1,15.8,0
2752,2752.0,280.4,1,15.8,0
2753,2753.0,279.9,1,15.8,0
2754,2754.0,279.9,1,15.85,0
2755,2755.0,,3,15.8,0
2756,2756.0,,3,15.8,0
2757,2757.0,,3,15.8,0
2758,2758.0,281.4,1,15.85,0
2759,2759.0,281.4,1,15.8,0
2760,2760.0,,3,15.8,0
2761,2761.0,280.4,1,15.85,0
2762,2762.0,280.4,1,15.8,0
2763,2763.0,279.9,1,15.8,0
2764,2764.0,279.9,1,15.8,0
2765,2765.0,280.4,1,15.8,0
2766,2766.0,380.4,1,15.8,0
2767,2767.0,,3,15.8,0
2768,2768.0,281.4,1,15.8,0
2769,2769.0,281.4,1,15.8,0
2770,2770.0,,3,15.8,0
2771,2771.0,279.9,1,15.8,0
2772,2772.0,279.9,1,15.8,0
2773,2773.0,279.4,1,15.8,0
2774,2774.0,279.9,1,15.8,0
2775,2775.0,280.4,1,15.85,0
2776,2776.0,280.4,1,15.8,0
2777,2777.0,280.4,1,15.8,0
2778,2778.0,,3,15.85,0
2779,2779.0,281.4,1,15.8,0
2780,2780.0,280.4,1,15.8,0
2781,2781.0,280.4,1,15.8,0
2782,2782.0,279.9,1,15.8,0
2783,2783.0,279.4,1,15.8,0
2784,2784.0,279.4,1,15.8,0
2785,2785.0,279.9,1,15.8,0
2786,2786.0,280.4,1,15.8,0
2787,2787.0,280.4,1,15.85,0
2788,2788.0,,3,15.8,0
2789,2789.0,,3,15.8,0
2790,2790.0,280.4,1,15.85,0
2791,2791.0,279.9,1,15.8,0
2792,2792.0,279.9,1,15.8,0
2793,2793.0,279.4,1,15.8,0
2794,2794.0,279.4,1,15.8,0
2795,2795.0,279.9,1,15.8,0
2796,2796.0,279.9,1,15.8,0
2797,2797.0,280.4,1,15.8,0
2798,2798.0,,3,15.8,0
2799,2799.0,,3,15.8,0
2800,2800.0,280.4,1,15.8,0
2801,2801.0,279.9,1,15.8,0
2802,2802.0,279.4,1,15.85,0
2803,2803.0,278.9,1,15.8,0
2804,2804.0,279.4,1,15.8,0
2805,2805.0,279.9,1,15.8,0
2806,2806.0,279.9,1,15.85,0
2807,2807.0,279.9,1,15.8,0
2808,2808.0,,3,15.8,0
2809,2809.0,,3,15.8,0
2810,2810.0,279.9,1,15.8,0
2811,2811.0,279.9,1,15.85,0
2812,2812.0,279.4,1,15.8,0
2813,2813.0,378.9,1,15.85,0
2814,2814.0,278.9,1,15.8,0
2815,2815.0,379.4,1,15.8,0
2816,2816.0,279.9,1,15.8,0
2817,2817.0,279.9,1,15.85,0
2818,2818.0,280.4,1,15.85,0
2819,2819.0,280.4,1,15.8,0
2820,2820.0,279.9,1,15.85,0
2821,2821.0,279.4,1,15.8,0
2822,2822.0,279.4,1,15.85,0
2823,2823.0,378.9,1,15.8,0
2824,2824.0,278.9,1,15.85,0
2825,2825.0,279.4,1,15.8,0
